timestamp,tweet_id,url,content,user_id,user_name,reply_count,retweet_count,like_count
2022-12-01 00:44:56+09:00,1597980002397872128,https://x.com/Japalura1250/status/1597980002397872128,三苫はワールドカップ見てるんなら読めないとダメよ,Japalura1250,SUBARU,0,0,0
2022-12-01 02:06:37+09:00,1598000559747125249,https://x.com/saki_misaka0423/status/1598000559747125249,板倉選手と三苫選手(今全然関係ない),saki_misaka0423,Saki Misaka(三阪咲),1,1,19
2022-12-01 02:38:03+09:00,1598008468933607424,https://x.com/TOMOkoma1214/status/1598008468933607424,今大会 強豪国の敗戦が多いね 世界との差が縮まってきてるのかな？  ひょっとしたらあるぞ？vsも とに勝ってに負けてのグループリーグ突破するのもある意味凄いけど とりあえず三苫 南野を前半から見たい,TOMOkoma1214,ㄘゃƕも,0,0,2
2022-12-01 05:03:38+09:00,1598045106099347463,https://x.com/sekaino_tanuo/status/1598045106099347463,日本、ドイツ、コスタリカで勝利で確実に予選突破できるのは日本だけ、ぜひ勝って決めて欲しい。希望は三苫選手先発。いるだけで相手チームに恐怖を与えるのがエースの条件。三笘選手はこの条件を持ってる。スペイン戦で決定的仕事をし、ジョーカーから日本のエースになってほしい。いけるぜ日本代表！,sekaino_tanuo,たぬお@いいリプはじめました。,3,3,70
2022-12-01 06:13:16+09:00,1598062631059095552,https://x.com/sirko_sp/status/1598062631059095552,戸田さんさすがです。 アルゼンチンがメッシを気にせず、たたかえるようになったのが良かったと。 メッシに頼ってボールあつめて、ゴール決めれんかったらおわりやもんね。 日本も三苫が戦略になりすぎるとな。 ヴィッセルもイニエスタ頼りになって落ちていったからな。。 #アルゼンチン #メッシ #三苫,sirko_sp,sirko,0,0,1
2022-12-01 06:16:54+09:00,1598063545719349248,https://x.com/chino20recoba/status/1598063545719349248,でもスペインのCBスピードが無いって話もあるし、前田大然　浅野　伊東純也がチャンス作るかもな。三苫でも構わないし,chino20recoba,れこば,0,0,0
2022-12-01 06:37:02+09:00,1598068613415829504,https://x.com/ric_y9/status/1598068613415829504,希望スタメンは 権田、板倉、吉田、冨安、酒井宏樹、長友、遠藤(守田)、碧、鎌田、伊藤純也、タケ(大然) 前半はとにかく守って後半勝負だな 三苫、堂安、浅野、南野は入れたい,ric_y9,Ricky,0,0,1
2022-12-01 08:15:28+09:00,1598093384333553666,https://x.com/jimmy911sarah/status/1598093384333553666,#ワールドカップ日本代表  コスタリカ戦の後から体調が悪い。 「他力本願込み」の星取りを色々と考え千々に乱れたのち、「勝てばいいんじゃん」に辿り着く。 遠藤、出られないのかにゃ？伊東純也と相馬勇紀、三苫薫の上りに期待。久保建英にも権田修一にも頑張ってもらわにゃ！ とにかく総力戦だ！！,jimmy911sarah,eddie,0,1,2
2022-12-01 08:17:30+09:00,1598093894922932225,https://x.com/TKMMk22/status/1598093894922932225,俺もスタメン予想しておこうかな。 前田 三苫　伊東 鎌田 田中　守田 長友　板倉　吉田　山根 権田  スタメンで大博打は打たないスタイル。三苫は使い切る覚悟。,TKMMk22,TKM Mk.2,1,0,9
2022-12-01 08:34:10+09:00,1598098091860987904,https://x.com/plutoatom/status/1598098091860987904,【本田圭佑】三苫薫はスタメンで使うべき？スーパーサブとして使うべき？正直僕は〇〇で使いますね!!その理由は...【スペイン代表/日本代表/W杯/...  youtu.be/q_ARWTKqwOc  @YouTube より,plutoatom,plutoatom,0,0,0
2022-12-01 09:25:07+09:00,1598110912065703936,https://x.com/enjoymylife40/status/1598110912065703936,本日の日本戦のスタメン希望。  　　　前田 三苫　久保　伊東 　 守田　鎌田 長友　　　　富安 　 板倉　吉田　 　　　ｼｭﾐｯﾄ  守備時は伊東選手が下がり、5バックになる可変式でどうでしょうか？ 遠藤選手が出れそうにないのが厳しいですね… なんとか頑張ってほしい,enjoymylife40,ぽけご＠気ままに暮らす人,1,0,2
2022-12-01 10:25:40+09:00,1598126147841458176,https://x.com/nomurakenu/status/1598126147841458176,南野　　浅野 　　　　　久保　 三苫　鎌田　　守田　伊東 　　冨安　板倉　谷口 　　　　シュミット,nomurakenu,CHAGEandCHAGE,0,0,0
2022-12-01 11:04:09+09:00,1598135832539721728,https://x.com/osirisu87/status/1598135832539721728,フランスには両サイドのデンベレとエムバペの攻撃力が高すぎるけど、日本もできるよね、三苫と伊東で。なのに三苫をスタメン起用しないからさ……,osirisu87,はなお,0,0,3
2022-12-01 11:27:34+09:00,1598141725931089921,https://x.com/kurobasu3567/status/1598141725931089921,アルゼンチンが勝ち、まだ、メッシが見られる。私は１５年程前にアルゼンチンのＴシャツを買った。決勝トーナメントは着て応援しよう。ちなみに、日本の応援の時は背番号９のＴシャツだが、昔のものなので、三苫ではない、昔の９番だ。でも、三苫として応援します。私はSDZsだ！,kurobasu3567,kobakunn　黒舟,1,0,6
2022-12-01 11:46:30+09:00,1598146492812136448,https://x.com/hirok428/status/1598146492812136448,サッカーワールド杯の三苫選手を取りあげて騒ぐマスコミ。三笘選手の経歴をみたらいいと思う。川崎フロンターレのU10からサッカーを始めた。日本代表になれるのは一握り。三笘選手がサッカーに打ち込むのを支えた親や大人がいた。電通など広告代理店も子育てできる日本に変えないとビジネス持続不可。,hirok428,hirok@消費税廃止,0,0,1
2022-12-01 12:10:57+09:00,1598152643100446721,https://x.com/onigili_fighter/status/1598152643100446721,ぽいち、久保と三苫先発させろ,onigili_fighter,名無しにかわり白いイッチがお送りします,0,0,2
2022-12-01 12:30:04+09:00,1598157457473540096,https://x.com/size_ally/status/1598157457473540096,やっほ～アリだよ  いよいよ日本vsスペイン戦だねドリブルの突破力で『三苫選手』に注目がいってるね アリ的には、「堂安選手」や右膝負傷してしまってるけどデュエル王「遠藤選手」の活躍も観たいな…  強豪国相手だけど頑張って欲しいな  #三笘薫　#堂安律　#遠藤航,size_ally,蟻サイズ,7,6,114
2022-12-01 12:32:24+09:00,1598158042931290112,https://x.com/39nakano_miku/status/1598158042931290112,8話のぼっちちゃんを、例えるなら日本代表の三苫ってらコメント見てふふってなった,39nakano_miku,玖瑠栖,0,0,0
2022-12-01 12:39:32+09:00,1598159839871369216,https://x.com/YosukeMatsuura/status/1598159839871369216,スペイン戦 先発予想  　久保　釜本　鎌田  三苫　守田　田中　前園  　冨安　吉田　板倉 　　　　 　　　　権田,YosukeMatsuura,松浦要介 a.k.a 団長,1,0,1
2022-12-01 12:57:33+09:00,1598164370387001344,https://x.com/KOTOBUKI26/status/1598164370387001344,三苫に渡して欲しかったってだけの批判だからなぁ。気にしなくていい。無理矢理出して、三苫が取られてたら三苫を批判してるんだろうし。そんな表面上だけの問題じゃないと思うけど。  〝バックパスマシン〟批判のＤＦ伊藤洋輝がリベンジ宣言「このままでは終われない news.yahoo.co.jp/articles/2dd4e …,KOTOBUKI26,KOTOBUKI（豪遊亭 寿舞伎）,0,0,0
2022-12-01 13:02:03+09:00,1598165502874247168,https://x.com/yukiranbo/status/1598165502874247168,とりあえず三苫スタメンで使えよ。,yukiranbo,きな吸い,0,0,1
2022-12-01 13:11:14+09:00,1598167815865139200,https://x.com/_haru_taro_/status/1598167815865139200,っかー　三苫さんの素敵マンガ　好き,_haru_taro_,はるたろー@,0,0,1
2022-12-01 13:12:50+09:00,1598168220136923137,https://x.com/kanei00/status/1598168220136923137,三苫はコスタリカ戦は先発で、スペイン戦は後半からが正解だったんじゃないの。今は状況は変わってるけど。,kanei00,カネイノブフミ,0,0,0
2022-12-01 13:13:19+09:00,1598168340799066113,https://x.com/badaichara/status/1598168340799066113,酒井がダメだった場合の右サイドバックどうするんだろ。冨安使うのかな。それか魂の3バックでまさかの伊東WBで前に堂安使うあるのかな。ないか。三苫は確実にスタメンで使うだろうから…使わないかな？流石に使うよな。,badaichara,場代チャラ,0,0,0
2022-12-01 13:14:42+09:00,1598168687919656960,https://x.com/CbKeiba/status/1598168687919656960,スペイン戦はどうも5バックで行きそうな気がするので希望的観測を挙げておくと前半は5-3-2できっちりブロック作って相手のSBを浮かせて攻め上がった裏を前田、浅野の2トップで突きまくるを繰り返してほしい。 で前半はなんとか耐えに耐えて0点。 後半3-4-3で三苫投入勝負で。 旗手入れとけよー,CbKeiba,Orfe,0,0,4
2022-12-01 14:00:03+09:00,1598180100264296449,https://x.com/sanluiz15/status/1598180100264296449,毎日W杯予想DAY12 クロアチア1-2ベルギー モロッコ3-0カナダ 日本1-0スペイン ドイツ3-0コスタリカ  コスタリカの負けが早めに濃厚になればなるほど、スペインはブラジル回避の線が出てくる。 逆にコスタリカが頑張るとスペインは負けれないので強く来る。  日本は先制点が全て→三苫,sanluiz15,ルイシュ,1,1,2
2022-12-01 15:07:13+09:00,1598197004915859457,https://x.com/7VgktkuVDcvZwtI/status/1598197004915859457,いよいよ、あと13時間となりました。 ドキドキが止まりません。 三苫　タケ　純也　で、鎌田さんをどうするか？ トップは？で悩んでおりますが あっけなく、それは崩れ去り、タケではなく、ミナミーノが入るのではと、想像されます 私は、この真冬の寒さの中、タケへの神頼みに行ってまいります。寒い,7VgktkuVDcvZwtI,タケちゃん,1,1,17
2022-12-01 15:12:56+09:00,1598198442433871873,https://x.com/IARUMOYR1/status/1598198442433871873,権田  吉田　谷口　長友　酒井(怪我大丈夫なら)  田中　板倉　鎌田　伊藤純　久保  町野  後半スタートから三苫  これでいこう！ オリンピックのリベンジはオリンピック世代で！,IARUMOYR1,村井　諒(むらりひょん),1,0,2
2022-12-01 15:15:45+09:00,1598199151657119744,https://x.com/x6y8dJ7nYoRVOH3/status/1598199151657119744,やぁ。どうも。元気かい？馬鹿ルシだよ。ワールドカップのサッカーをリアルタイムでみたい。だから今から仮眠をとるんだよ日本がスペイン相手に0-0で抑えたらワンチャン有るわよ。まだ諦めるのは早いわね。皆んなも馬鹿ルシと一緒に応援しよ。三苫と久保と冨安さんがなんとかしてくれると思うねぇ,x6y8dJ7nYoRVOH3,馬鹿ルシぽん,0,1,7
2022-12-01 16:22:44+09:00,1598216007138840582,https://x.com/keibanomikata/status/1598216007138840582,今日のワールドカップの予想 日本-スペイン　2-0　で日本の勝利 ※三苫がチャンスメイクして、南野、鎌田が得点。 後は全員死ぬ気で守りきる。  コスタリカ-ドイツ　1-0でコスタリカの勝利 ※セットプレイで1点獲得。後は全員死ぬ気で守りきる。  まさかの日本とコスタリカがGS突破！ #日本対スペイン,keibanomikata,のりパーントゥ,0,0,0
2022-12-01 16:27:36+09:00,1598217232856719361,https://x.com/CafeTyphoo/status/1598217232856719361,先取点必須です 三苫、鎌田、久保で取れます　　2-1 日本で スペイン戦チケット残りまだ余裕あります ¥4500    3ドリンク　　おつまみ付き ＊店内での販売となります #錦糸町 #貸し切り #W杯 #サッカー #ビール #スペイン #ビリヤード #ダーツ,CafeTyphoo,Cafe Typhoo（タイフー）,0,0,2
2022-12-01 16:39:21+09:00,1598220188474028032,https://x.com/HierroWorld/status/1598220188474028032,三苫をスタメンで使わないってのがよくわからん,HierroWorld,HI(ER)RO,0,0,0
2022-12-01 16:53:42+09:00,1598223803053928448,https://x.com/reysolista04/status/1598223803053928448,は433、流石に前線からハイプレスは自殺行為。 相手ビルドアップでは持たせて、442、451気味でブロック。 攻撃では裏狙いで、相手の中盤の3の脇を効果的に狙いサイド攻撃をしたい。 　　久保　　前田 三苫　　　　　　伊東 　　守田　柴崎 長友　冨安　吉田　酒井  こんな教科書通りで勝てるんかなw,reysolista04,Reysolista04 | EL EQUIPO ES LO IMPORTANTE.,1,0,1
2022-12-01 17:07:36+09:00,1598227301627744257,https://x.com/go811_haruki416/status/1598227301627744257,あー、やっぱ三苫くん← 久保くんと三苫くんにかかってるよねぇ←←←,go811_haruki416,HARU-112616-NEXT？？？？？,0,0,0
2022-12-01 17:08:02+09:00,1598227409345470465,https://x.com/MamoruTakazawa/status/1598227409345470465,また三苫君ジョーカーとか戦術に変な色気出さないでねー もう後ないんだから。森保さん頼むでしかしー スペインメディアさえ三苫君が枚試合途中出場は信じられんって言っとるよ日本の至宝先発で使わんで敗退したらホンマ怒るでーー #日本代表,MamoruTakazawa,高沢守,0,1,12
2022-12-01 17:14:14+09:00,1598228968683233280,https://x.com/kouda57/status/1598228968683233280,三苫がカルバハルを抜けないのはやばい。  かと言ってカルバハルが抜かれまくるのもやばい（マドリディスタとして）。  でも今日だけは… 三苫に抜かしてくれ…… 一緒にトーナメント行こ……,kouda57,マチョリディスタ,0,0,1
2022-12-01 17:36:44+09:00,1598234632457056256,https://x.com/TIGER69_EFC/status/1598234632457056256,スタメン予想。                    前田   久保          南野       伊東                守田   鎌田 ブラボー 吉田 板倉 冨安                    権田  鎌田にいい形でボールが入ってないからボラにするのもあり、かな？ で、後半に田中、三苫、堂安、浅野。 遠藤の怪我が痛い。,TIGER69_EFC,TIGER@愛媛,0,0,3
2022-12-01 17:44:59+09:00,1598236706729504774,https://x.com/MT_urawatomiki/status/1598236706729504774,「三苫ーー！！！」とか「ゴォーーール！！！」とか「惜しいッ」とか、適当なツイートの予約投稿をしておいてTLを惑わす簡単なお仕事。,MT_urawatomiki,MT／浦和富来　密な場所ではマスク着けよう,0,0,0
2022-12-01 17:49:51+09:00,1598237933110452227,https://x.com/okyan140/status/1598237933110452227,三苫、南野 良いと思います  福田正博氏　「鎌田選手ではなく南野選手で前からどんどん“鬼プレ”を」日本のスペイン戦に向けて（スポニチアネックス）  news.yahoo.co.jp/articles/f94c5 …,okyan140,おきゃん,0,0,0
2022-12-01 17:53:44+09:00,1598238911318601728,https://x.com/kashiwa_goal/status/1598238911318601728,日本はコスタリカやネルシーニョレイソルのように戦え！塩試合上等ワンチャンスでIJか三苫,kashiwa_goal,かしわくん,0,0,3
2022-12-01 17:59:00+09:00,1598240234734768129,https://x.com/uchida_naoyuki/status/1598240234734768129,【日本代表vsスペイン代表】 独断と偏見だけど真面目に選ぶ私の代表スタメン FW　上田綺世 MF　三苫薫　久保建英　伊藤純也 MF　田中碧　守田英正      　　 DF　伊藤洋輝　谷口彰悟　板倉滉　冨安建洋 GK　S･ダニエル 柴崎出番なしか？なんで連れて行った？ #千代田区 #日本代表 #ワールドカップ,uchida_naoyuki,内田直之,0,1,4
2022-12-01 18:02:35+09:00,1598241136451080194,https://x.com/ayasugiatsutosh/status/1598241136451080194,三苫選手をスタメンで使うと、後半に切るカードにインパクトがなくなるような。三苫選手には前半のスペインをベンチでじっくり見てもらって後半４５分間に全てを出し切ってほしいかなぁ。後半勝負に持ち込むだけの前半の頑張りがなければ、元も子もないけれど。,ayasugiatsutosh,彩杉／安東亮@小説家になりたい,0,0,0
2022-12-01 18:36:57+09:00,1598249784548405248,https://x.com/kazan_opgg/status/1598249784548405248,マジで三苫久保スタメンで出してくれ,kazan_opgg,蚌埠上门/蚌埠约炮/蚌埠附近/蚌埠学生妹/蚌埠兼职/蚌埠楼凤,1,0,1
2022-12-01 18:39:10+09:00,1598250343460405248,https://x.com/kanataro21/status/1598250343460405248,スペイン戦 前田 三苫 久保 伊東 守田 田中碧 長友 板倉 吉田 冨安 これで行きそう 調子の悪い鎌田スタメンじゃなくてもいいと思う,kanataro21,かなタ口,0,0,0
2022-12-01 18:41:09+09:00,1598250843584991232,https://x.com/1720fei11/status/1598250843584991232,「三苫」「富安」で普段からサッカー観てないやつがわかるの便利だな,1720fei11,φ,0,0,0
2022-12-01 18:49:22+09:00,1598252911750172675,https://x.com/itozzzi/status/1598252911750172675,なので最初から3バック、スタメンに三苫、ボランチの1人は鎌田ぐらいの前傾姿勢で出鼻挫きたい,itozzzi,伊東なう,0,0,1
2022-12-01 18:55:30+09:00,1598254453391781888,https://x.com/kyu_imokenpfan/status/1598254453391781888,三苫いない… イーフトまでドイツ戦のこといじってる？？,kyu_imokenpfan,きゅーちゃん,0,0,1
2022-12-01 18:56:07+09:00,1598254608425836550,https://x.com/sagamista_koime/status/1598254608425836550,こんなスタメン無いと思ってるが、 妄想してる時が一番楽しい  　　　  　前田　浅野 　　三苫　　久保　　伊藤 　　　　  鎌田　守田 　　　板倉　吉田　冨安 　　　　  シュミット  スペイン相手に先制点を奪いに行く 超攻撃的なフォーメーション タケが未来に羽ばたく予感しかない,sagamista_koime,濃いめ,2,0,16
2022-12-01 18:57:30+09:00,1598254956322357248,https://x.com/YOKO1632/status/1598254956322357248,日本対スペイン 4時試合開始 放送は2時から 8時に寝て、2時に起きようか 9時に寝て、3時に起きようか  久保、三苫、柴崎のせんぱつを 希望します  東京オリンピック 準決勝のリベンジを 久保のリベンジのシュートが 見たい  三苫のアシストが見たい  飲んで、寝ます,YOKO1632,Hiromitsu Yoko,0,0,13
2022-12-01 19:01:34+09:00,1598255978599698432,https://x.com/little_gooner96/status/1598255978599698432,何度考えても「旗手が欲しい。。」ってなるのですが、私の現有戦力でのファイナルアンサーはこれ。ビルドアップ時は冨安が中に入り、伊藤がDFライン左の大外となり、最終ラインは2枚で中盤は5枚で形成、守田がアンカーの位置。 とりあえず三苫薫と伊東の先発は必須条件じゃないでしょうか。,little_gooner96,9630,1,1,4
2022-12-01 19:04:34+09:00,1598256734568841218,https://x.com/turtlebreak5/status/1598256734568841218,三苫くんは柴犬の仔犬だから(失礼過ぎ)元気にピッチを走り回ってほしい(意味不明),turtlebreak5,亀三@にわか縄文なう,0,0,1
2022-12-01 19:31:25+09:00,1598263492456329217,https://x.com/hidetoy10/status/1598263492456329217,色々と考えた結果…  　　三苫　　　　　伊東 　　　　　　久保 　　　守田　　　板倉 長友　伊東　吉田　谷口　冨安  　　　　　　ｼｭﾐｯﾄ  #ワールドカップ,hidetoy10,hidetoy,0,0,5
2022-12-01 19:38:43+09:00,1598265331281453056,https://x.com/FANTASISTAJOKER/status/1598265331281453056,遠藤、酒井が厳しいことを考えてスタメンは  　　　　　前田 三苫　　　鎌田　　　伊東 　　　遠藤　　田中 伊藤　吉田　　板倉　冨安 　　　　シュミット  後半スペインが疲れてきたら前田→久保で鎌田トップ、久保トップ下。最後吉田→浅野で3421。　　  #日本対スペイン,FANTASISTAJOKER,ジョーカー,0,0,0
2022-12-01 19:57:24+09:00,1598270029631721472,https://x.com/raurau_07/status/1598270029631721472,三苫をスタメンで使って欲しい、ボールタッチのフィーリングも良さそうだったし、どんどん彼にボールを集めてあげて欲しい #日本対スペイン,raurau_07,ラウラウ,0,0,4
2022-12-01 20:06:10+09:00,1598272237123276802,https://x.com/naritayuki/status/1598272237123276802,スタメン予想して寝るか…                 前田           久保   南野 三苫   守田   鎌田   伊東      冨安   板倉   吉田                権田,naritayuki,成田ゆうき（東区・札幌市議会議員）,0,0,10
2022-12-01 20:25:18+09:00,1598277052880523265,https://x.com/tears_rolldown1/status/1598277052880523265,いよいよ28:00キックオフ。 鎌田さん、久保くん、伊東さん、三苫さん必ず二点お願いします。二点ないと勝てる気しないです。 そして歓喜の雄叫びをあげようぞ！ しかし、午前４時って書きゃいいじゃん(笑) #日本代表頑張れ  #がんばれ日本  #ワールドカップ2022,tears_rolldown1,久遠寺みるく(やってミルク☆)【Sunday's child】,0,0,0
2022-12-01 20:32:39+09:00,1598278902535053317,https://x.com/tenor3sb88yw/status/1598278902535053317,筑波大ではサッカー三苫氏の1年先輩。 それが樋口氏  ＞黄色ヒグチグラムのインライ視聴中,tenor3sb88yw,ナマケモノ(黄色のオオスカシバ！),0,0,1
2022-12-01 20:33:26+09:00,1598279099252117507,https://x.com/Mr_ReeN/status/1598279099252117507,スペイン戦はさすがに三苫先発 これで先発じゃなかったら森保無能すぎ 後半途中から投入して相手が疲労したところをスピード勝負に持ち込もうとしてる狙いなんだろうけど、 世界見てもムバッペやヴィニシウスは頭からフルで出てそれが一番効果的なんだからしっかり最善策やってほしいわ,Mr_ReeN,むらぞう,0,0,2
2022-12-01 20:39:33+09:00,1598280639236968449,https://x.com/Raquesis1_BD/status/1598280639236968449,#サッカーワールドカップ　 #がんばれ日本 さてと、ちょっと早めに休んでサッカーWCに備えるぞ対　  三苫選手　長友選手　伊東選手　碧選手　久保選手　前田選手　遠藤選手　岳選手　浅野選手・・・etc.  ※個人的に見たい選手選んだほうが良いとは言ってない。そこまで詳しくないからね,Raquesis1_BD,Escrimeur,0,0,3
2022-12-01 20:41:26+09:00,1598281113734361089,https://x.com/tyodo4nenmaeni/status/1598281113734361089,サッカー日本対スペインが1-1で引き分けになる夢を見ました。 ドイツ対コスタリカも1-1で引き分け。日本がグループ2位で決勝トーナメント進出。 たしかこんな夢だったと思う。 とりあえず日本が2位でドイツが4位でした。 #正夢 #三苫 #サッカー日本代表,tyodo4nenmaeni,チャンネル1の管理人くれぃる,0,0,3
2022-12-01 20:45:35+09:00,1598282157591769088,https://x.com/miel283/status/1598282157591769088,「冨安」を「富安」と書いたり、「三笘」を「三苫」と書いたり、「伊藤」と「伊東」を混同してたりする人は今しか見ない人笑笑,miel283,ミエル,0,0,3
2022-12-01 21:06:36+09:00,1598287446973652992,https://x.com/suzko146/status/1598287446973652992,明日は午前3時に起きるって夫が言ってる　三苫さんはスタメンに入れた方がいいとわたしも思う　ひとりキレキレだった,suzko146,すずこ,0,0,2
2022-12-01 21:13:20+09:00,1598289139333746688,https://x.com/zoome_3150/status/1598289139333746688,スペイン戦予想してみた！！！                                      前田  三苫           久保           伊東              守田      田中 長友                              山根           吉田          板倉                    権田  #FIFAワールドカップ #サッカー日本代表,zoome_3150,Ryo,0,1,2
2022-12-01 21:17:03+09:00,1598290074793234433,https://x.com/Giantssylvia/status/1598290074793234433,てか玉蹴りは三苫スタメンで行くんか？,Giantssylvia,ケルン,0,0,3
2022-12-01 21:17:28+09:00,1598290179118501889,https://x.com/Kindsense777/status/1598290179118501889,2022 FIFAワールドカップ スペインvs日本 明日早朝4時。 三苫選手も良いけどレアル.ソシエダの久保建英も忘れないで皆んなで日本応援しましょう #スペインvs日本,Kindsense777,Kindsense,0,0,11
2022-12-01 21:17:35+09:00,1598290208847409152,https://x.com/chanoco/status/1598290208847409152,スペイン戦は三苫くんの活躍をスタートから観たい！ 前の試合、所属のブライトンさんも三苫をもっと使え…って。,chanoco,ちゃのこ,0,0,2
2022-12-01 21:24:17+09:00,1598291894710439937,https://x.com/northside1231/status/1598291894710439937,願望込みだけど、サッカー日本代表対スペイン戦の予想スタメン 吉田は使ってほしくないけど、消去法  流石に、三苫外したら、森保〇ねって感じです  結局4年間、サイドの個人ゲーしか戦術？？がなかったから、コスタリカ戦の伊藤の無駄なバックパスとかしないで、最初から三苫伊東ゲーを貫いてほしい,northside1231,ノースサイド 遊戯王デュエルリンクス,0,0,2
2022-12-01 21:34:14+09:00,1598294401796624384,https://x.com/hagi87287235/status/1598294401796624384,三苫さんスタメンでお願いします,hagi87287235,hagi,0,0,2
2022-12-01 21:35:29+09:00,1598294716478812161,https://x.com/ikebukuroe320/status/1598294716478812161,当初は久保に球を集めて、久保にスペインを引きつけて浅野、南野、三苫、鎌田が点を取る感じで。やっぱり4点取れるな。5点取られなきゃ負けない。3点に抑えりゃ勝ちじゃん。ま、たぶん乱打戦。さすがにスペインを完封は難しい。やれなくはないと思うけど。,ikebukuroe320,サッカーボーイ,1,0,0
2022-12-01 21:36:27+09:00,1598294958775349248,https://x.com/wakabarth131/status/1598294958775349248,スペイン戦の先発(希望)  　　　　前田 三苫　　久保　　伊藤 　　　守田　鎌田 　吉田　板倉　富安 　　　シュミット  どうかしら？,wakabarth131,わかばると,0,0,1
2022-12-01 21:42:26+09:00,1598296461556740096,https://x.com/wakabarth131/status/1598296461556740096,戦、これで戦え！  　　　　町野 三苫　　久保　　伊藤 　　　守田　鎌田 　谷口　板倉　富安 　　　シュミット  堂安、南野、浅野を後半から投入、 どや？,wakabarth131,わかばると,0,0,2
2022-12-01 21:57:03+09:00,1598300142045564928,https://x.com/c_eg6/status/1598300142045564928,なんかご飯食べながら、三苫様がスペインのディフェンダー陣をドリブルで切り裂いてゴールを決めるところを妄想したら涙が出てきた… #ワールドカップ2022  #日本vsスペイン  #頑張れ日本  #三苫様,c_eg6,chiaki☆@1/11 東京ニューイヤーハーフマラソン,0,0,20
2022-12-01 22:06:27+09:00,1598302508731858944,https://x.com/DEDEDEYANEN/status/1598302508731858944,三苫くんがんばえー,DEDEDEYANEN,デデデ！,0,0,3
2022-12-01 22:15:13+09:00,1598304714839724032,https://x.com/avant0923/status/1598304714839724032,アスピリクエタとカルバハルじゃ三苫薫は止めれないと思います,avant0923,はーさん（G1 923賭け）,0,0,1
2022-12-01 22:16:48+09:00,1598305110660382720,https://x.com/ICE_Eagles_8/status/1598305110660382720,三苫ああああああああああああああ,ICE_Eagles_8,あいす,0,0,0
2022-12-01 22:36:16+09:00,1598310009762615296,https://x.com/tanisan_youtube/status/1598310009762615296,ジョーカー三苫さん！ 途中出場からハットトリックお願いします！,tanisan_youtube,たにさん,0,0,0
2022-12-01 22:43:40+09:00,1598311874223042561,https://x.com/asaharasonshi5/status/1598311874223042561,明日スペインに勝ったら整体師のお姉ちゃんがセクッスをしてくださるとのお約束を賜りました。頼むぞ三苫ぁ。,asaharasonshi5,麻原尊師,0,1,2
2022-12-01 22:51:40+09:00,1598313887811915776,https://x.com/toitoipo_/status/1598313887811915776,諸君　私はサッカーが好きだ 諸君　私はサッカーが好きだ 諸君　私はサッカーが大好きだ  三苫が好きだ 久保が好きだ 鎌田が好きだ 冨安が好きだ 堂安が好きだ 前田が好きだ 酒井が好きだ 遠藤が好きだ 田中が好きだ,toitoipo_,アマリりす(お喋リス科エミリコシンドローム),1,0,5
2022-12-01 22:56:11+09:00,1598315023092293633,https://x.com/taccovacevic/status/1598315023092293633,ところで今日も三苫がスタメンじゃなかったらさすがの森保やな と思うよね,taccovacevic,生シラス丼の【こばちぇ】,0,0,1
2022-12-01 22:57:49+09:00,1598315435333910529,https://x.com/jaykmjp/status/1598315435333910529,4 2 3 1なら                  前田      三苫　久保　伊東            鎌田　守田 長友　吉田　板倉　富安                 権田  見てみたい  #サッカー日本代表,jaykmjp,JAY-K from MJP,0,0,2
2022-12-01 23:00:24+09:00,1598316083383242752,https://x.com/Hayakintore1/status/1598316083383242752,三苫選手先発でお願いします。 ではおやすみなさい #ワールドカップ #三苫薫 #日本代表           #ワールドカップ2022  #筋トレ垢さんと繋がりたい  #筋トレ好きと繋がりたい  #筋トレ好きな人と繋がりたい #細マッチョ #パンプアップ  #筋トレ男子 #筋肉男子  #シックスパック,Hayakintore1,はやぶさ@体脂肪率一桁‼︎,0,0,9
2022-12-01 23:02:08+09:00,1598316520673005568,https://x.com/take1549/status/1598316520673005568,三苫を最初から使うのか？ボランチは誰か？3バックか？色々あるけど森保監督と選手たちの四年にわたる旅を、ここで、終わりにしないことを祈るのみ！ #サッカー日本代表 #カタールW杯,take1549,take1549,0,0,0
2022-12-01 23:03:57+09:00,1598316976933593092,https://x.com/ZAKUMINELAYER/status/1598316976933593092,GKシュミットダニエル CB冨安・遠藤・板倉 WB伊東・長友 CM鎌田・守田 OM三苫 FW前田・浅野 右のWBに伊東入れても冨安置いとけば安定するだろうし、三苫は縦横無尽に自由にやらせる 遠藤をCBに使った方がCM二人が動きやすそう で、前二人には馬車馬のように走ってもらう #FIFAWorldCup,ZAKUMINELAYER,𝕏タピオカ,0,0,0
2022-12-01 23:20:16+09:00,1598321084843294720,https://x.com/iruka_12/status/1598321084843294720,三苫選手の母校回りをグルグルラン 特に横断幕らしきものはなかったけど駅伝大会優勝の幕はあった パワー頂きます そしてスペイン戦頑張れ薫くん,iruka_12,イルカ12号@おみく好き好き～♪,0,0,1
2022-12-01 23:35:17+09:00,1598324863454052352,https://x.com/08_doll_06/status/1598324863454052352,[希望]             前田 三苫    南野   久保       守田    田中 長友 冨安 板倉 酒井          シュミット,08_doll_06,y,0,0,0
2022-12-01 23:38:58+09:00,1598325790474747905,https://x.com/sasahei_hei/status/1598325790474747905,三苫と久保が見たい では皆さん28時にお会いしましょう  起きる自信無し,sasahei_hei,佐々木,0,0,2
2022-12-01 23:39:16+09:00,1598325865263529985,https://x.com/bintaman_19/status/1598325865263529985,上田        三苫                 伊東                     柴崎        長友                 山根                     遠藤        冨安      吉田    板倉                       権田  スペイン戦はこのくらい攻撃的にして点取られても取り返すぐらいで行かないとキツそう,bintaman_19,びんたまん,1,0,1
2022-12-01 23:44:08+09:00,1598327091023560704,https://x.com/ryo050321/status/1598327091023560704,4時から最終節スペイン戦 皆..バモス。バモス！！バモス 久保トップ下で三苫先発おなしゃす。,ryo050321,上田 凌,1,0,2
2022-12-01 23:46:01+09:00,1598327566213197824,https://x.com/March_to_Today/status/1598327566213197824,冨安左のインサイド、長友が右WB、三苫が左WBの3-6-1で、久保が右、鎌田が左シャドーで観たいなあ。 後半に点が必要であれば長友→伊東にすればいいし 三苫のプレーを60分以上観たい。,March_to_Today,TOYO,0,0,0
2022-12-01 23:48:32+09:00,1598328196088631296,https://x.com/uwsb_takuya/status/1598328196088631296,今日のスタメンはこれでお願いします               前田  三苫      南野     伊藤                守田       田中  長友   吉田   板倉  冨安                 権田,uwsb_takuya,たくや,0,0,1
2022-12-01 23:50:06+09:00,1598328592945254402,https://x.com/gandarobo551/status/1598328592945254402,三苫久保冨安南野入れたら勝ちますよ,gandarobo551,えび,0,0,1
2022-12-01 23:51:38+09:00,1598328976409124864,https://x.com/THE_TV_hero/status/1598328976409124864,切り裂け三苫薫選手！！ 今日、明日か期待を込めて！！！ 頑張れサッカー日本代表！ #FIFAWorldCup #サッカー #日本vsスペイン #三苫薫　#イラスト　#鉛筆画　#日本代表,THE_TV_hero,ネ氏,0,0,9
2022-12-01 23:53:42+09:00,1598329497127747584,https://x.com/pandaboanu/status/1598329497127747584,南野と久保と三苫が1点ずつ取って、柴崎が大活躍して、なんだかんだで３－２くらいで勝つねん。,pandaboanu,エフ / フォル,0,0,0
2022-12-01 23:54:25+09:00,1598329678364028928,https://x.com/serval87/status/1598329678364028928,サッカーで「三苫」という名字の選手が活躍したらしい。ボクシングファンで「読み方を初めて知った」と書くのはいいが、キックファンで書いてる人にはおいおいと思う。三苫純次を見てないのか？　日本キック連盟や九州のキックを知らないのかと。裕樹や龍二を育てたやろと。そう思いません？,serval87,サーバル,2,4,14
2022-12-02 21:10:26+09:00,1598650799445651458,https://x.com/gakushin_kai/status/1598650799445651458,まだ面談は続いているのですが…概ね終わったので、次は新年度に向けての準備を始めます Ｗ杯スペイン撃破の歓喜の中、私たちにも歓喜の瞬間は訪れたりしています。しかし…これからが勝負という受験生が多いので、ゴールラインギリギリでの三苫選手のアシストのように…最後まで諦めずゴール支援,gakushin_kai,學進会,0,0,2
2022-12-02 21:15:26+09:00,1598652057292279808,https://x.com/soga99/status/1598652057292279808,三苫のアシストパスのライン際の写真と解説ばっかり目に入ってきてて、バスケの時バグりそう,soga99,曽川 拓哉｜Takuya Sogawa,0,0,1
2022-12-02 21:31:22+09:00,1598656066589323265,https://x.com/phinloda/status/1598656066589323265,サッカーワールドカップの日本vsスペイン戦のVAR判定で盛り上がっていたようだが、三苫選手が蹴る瞬間の画像を分析した結果mm単位で残っているという判定のようだ。 4年後のVAR判定はμm単位の判定が出るようになっているかもしれない。,phinloda,Phinloda,0,0,1
2022-12-02 21:46:27+09:00,1598659862665527296,https://x.com/0914sobt/status/1598659862665527296,三苫の1ミリ  またまた 流行語狙えそうなの出たな,0914sobt,やすりん,0,0,7
2022-12-02 21:47:47+09:00,1598660197157068801,https://x.com/mainichi7/status/1598660197157068801,三苫選手良かったね,mainichi7,︎✿しるみ2025︎✿,0,0,1
2022-12-02 21:52:23+09:00,1598661354868846592,https://x.com/reo00mok/status/1598661354868846592,三苫の1mmってコンドームみたいだからやめて欲しいな,reo00mok,レオレオニ,0,0,0
2022-12-02 21:55:35+09:00,1598662161399959553,https://x.com/ninishino/status/1598662161399959553,ただいま。今日は仕事中、「ねぇちょっと聞いてる？」「あっ、ごめん三苫薫のこと考えてた。」って感じでした。,ninishino,にしの,0,0,3
2022-12-02 21:56:44+09:00,1598662449812496384,https://x.com/Negitoro3_nft/status/1598662449812496384,三苫スクワット！！！！ 行きたい！けどすまぬ  わしの代わりにサッカー愛語っておいてくれ…,Negitoro3_nft,ねぎとろ │ Negitoro3,0,0,2
2022-12-02 21:58:07+09:00,1598662798355365891,https://x.com/KWLSK75/status/1598662798355365891,三苫くんカルバハル相手に縦ぶち抜いたよね。三苫やべえな。そりゃ清水チンチンにされるわな。,KWLSK75,kowalski,0,0,0
2022-12-02 21:58:16+09:00,1598662837655986176,https://x.com/millcity1986/status/1598662837655986176,三苫選手の『一ミリ』感動しました。  最後の最後まで諦めない強い気持ち。  これは賞レースに挑む人間にとって、最も大切な気持ち。  諦めない。,millcity1986,＠ミルシティ成宮にゃん,0,0,1
2022-12-02 21:58:36+09:00,1598662921172946946,https://x.com/5qyrVuPxiZvN5DL/status/1598662921172946946,三苫上手すぎる,5qyrVuPxiZvN5DL,るっこ,1,0,2
2022-12-02 22:03:19+09:00,1598664107032743938,https://x.com/SaManSaMos14/status/1598664107032743938,三苫さん足はやくてかっこいいよね,SaManSaMos14,𝑺𝒂𝒍𝒖𝒕ꕤさりゅ,0,0,1
2022-12-02 22:04:00+09:00,1598664279963508736,https://x.com/YukakoAvatar/status/1598664279963508736,「三笘の1ミリ」感動しかない。人生も、苦しい時に耐え抜いて、もう限界、と思った瞬間ががんばりどころ。あと1ミリ進む意欲さえあれば未来はひらける。三苫選手、勇気と希望をありがとうございます！,YukakoAvatar,ゆかこ,0,2,26
2022-12-02 22:05:36+09:00,1598664680171794435,https://x.com/KOP0530YNWA/status/1598664680171794435,三苫田中コンビは椿窪田と被るんは俺だけやろうか。,KOP0530YNWA,ボンド,0,1,13
2022-12-02 22:06:48+09:00,1598664984485310466,https://x.com/mugi_nakatubaki/status/1598664984485310466,三苫って選手のこれ出ていないのかよ・・・  マジかよどういうことだよ,mugi_nakatubaki,葵☆戦乙女☆紬,3,0,0
2022-12-02 22:07:41+09:00,1598665207693606913,https://x.com/hitotubu_pass/status/1598665207693606913,三苫さん　,,,0,0,0
2022-12-02 22:08:54+09:00,1598665513319923718,https://x.com/locksoutou/status/1598665513319923718,三苫のクロスはほぼ枠の外から撃ってるから潜水艦に例えてもいいな。  私の読みは悪くない。,locksoutou,ロック総統,1,1,27
2022-12-02 22:08:57+09:00,1598665526523224065,https://x.com/mzk_minimal/status/1598665526523224065,前田大然、三苫、富安がそれぞれ3人いれば強豪国になりそう  前半に三苫出して交代で三苫出したい。  前田は後半に3枚替えでカオスにしたい,mzk_minimal,もずく＠サイドFIRE生活,0,0,1
2022-12-02 22:08:59+09:00,1598665531397378050,https://x.com/sand_nekko/status/1598665531397378050,他の人のツイートの受け売りだけど、三苫さんは「サッカー部で一番上手いやつ」の顔すぎる。いわゆるサッカー顔っぽくなくてガチでサッカーやってる感じ,sand_nekko,すなねこ,0,0,0
2022-12-02 22:14:52+09:00,1598667012234162177,https://x.com/dcsusijiBS/status/1598667012234162177,三苫シティ行ってくれへんかな普通に見たい,dcsusijiBS,すしじ,0,0,2
2022-12-02 22:15:37+09:00,1598667203171487744,https://x.com/39katoyasushi/status/1598667203171487744,三苫の１mm 辞書に載るならどんな意味？  １　諦めずに結果を残す ２　判断が難しい微妙な問題 ３　人の目よりも機械の目  とか？ news.yahoo.co.jp/articles/a599b …,39katoyasushi,加藤　泰,0,0,1
2022-12-02 22:17:57+09:00,1598667790164299776,https://x.com/8ZlD0TzNrqiyNFL/status/1598667790164299776,三苫がすごかったのもそうやけど、カルバハルが1番ってのはもうないな。,8ZlD0TzNrqiyNFL,J| もち,0,0,1
2022-12-02 22:20:06+09:00,1598668329606352896,https://x.com/mashiroro1105/status/1598668329606352896,三苫がボール拾うところで何回もリセットしたんやろなぁ…,mashiroro1105,ましろ,0,0,3
2022-12-02 22:20:37+09:00,1598668459457802240,https://x.com/oresama1965/status/1598668459457802240,田中碧選手と三苫選手って鷺沼が地元なんだね。 俺、中学の頃、今は無くなってしまったみたいだけど夏に鷺沼プールへよく行ってたんだよな。 なんか親しみを感じる,oresama1965,オレサマ,0,0,14
2022-12-02 22:20:42+09:00,1598668481289138176,https://x.com/SaManSaMos14/status/1598668481289138176,小学校から一緒の三苫さんのパスをシュートして決めた田中さんがぼそっと「俺は信じてたよ！」って言ってて泣いちゃった。,SaManSaMos14,𝑺𝒂𝒍𝒖𝒕ꕤさりゅ,0,0,0
2022-12-02 22:23:04+09:00,1598669076318285827,https://x.com/Neko202110/status/1598669076318285827,こういう資料求めてました！  テニスのように試合中に 公開してください！  世界中で批判してる人に見てほしい  三苫の最後まで 諦めない気持ち！行動！をもっと  リスペクトすべき  諦めず最後まで追いかけた姿勢に 私は感動しました 三苫、田中素晴らしい！   #サッカー,Neko202110,Neko,0,0,5
2022-12-02 22:23:39+09:00,1598669224116895747,https://x.com/4ki4/status/1598669224116895747,"三苫さんの名字の由来や読み方、全国人数・順位／名字由来net myoji-yurai.net/searchResult.h … 【全国順位】 3827位 【全国人数】 およそ3,200人  出生地は大分。レア苗字です。",4ki4,世界四季報,1,4,8
2022-12-02 22:23:57+09:00,1598669299878694913,https://x.com/NAKAYAMAKazhiro/status/1598669299878694913,封を開けたら三苫さんのカードだった！  instagram.com/p/ClqsfNprih9/ …,NAKAYAMAKazhiro,中山和弘,0,0,1
2022-12-02 22:28:16+09:00,1598670387692412929,https://x.com/FlowersPsychic/status/1598670387692412929,三苫が残して決勝点決めたとことか、何回観ても寝ずに観てよかったと思える。自分の中では眠いとか天秤にかけるレベルの出来事じゃないんよね。 明日のライブはスペイン撃破の余韻プラスされて万事OK！ 全力でいくしかないだろ！ #beatingtargets,FlowersPsychic,Tosh the Medium,0,0,7
2022-12-02 22:30:21+09:00,1598670909610811392,https://x.com/0202Nattu723/status/1598670909610811392,三笘さんと田中さんの絡みがまじで尊い何かに目覚めそう…やばい さっきテレビで試合後に三苫さんが「俺は信じてたよ」って田中さんに言ってるシーンを見たら目覚め始めた（は？） 森保監督のインタビュー後田中さんがカメラに気づいてピースからの三苫さんが田中さんの頭を抱き寄せる所で無事死亡,0202Nattu723,Pなっつ☺︎,1,1,26
2022-12-02 22:31:50+09:00,1598671284283789312,https://x.com/hoshos1104/status/1598671284283789312,三苫選手のアシスト、絶対出てるやろって思ったけどちゃんと入ってて、確かに賛否両論あると思うけど、大事なのはそこじゃなくてあんなギリギリでも諦めずにボール追いかけて返した三苫選手の強さがすごいんだって話、、、。 三苫→田中の流れでゴール決めるのエモすぎね,hoshos1104,鴨そばちゃん,0,0,2
2022-12-02 22:32:35+09:00,1598671472939380737,https://x.com/1029mechanum/status/1598671472939380737,想像を絶するバカなので三苫さんのことずっとみはずさんだと思ってた,1029mechanum,横移動できない,1,0,0
2022-12-02 22:32:36+09:00,1598671475816685568,https://x.com/shi_po_n_72/status/1598671475816685568,彼氏の推しの三苫くんが活躍して彼氏喜んでる,shi_po_n_72,しっぽん,0,0,11
2022-12-02 22:33:08+09:00,1598671611003273217,https://x.com/grimrim0/status/1598671611003273217,コミケで三苫選手のコスプレする人出てくるに100ペリカ,grimrim0,はむ,0,0,3
2022-12-02 22:34:30+09:00,1598671956471320576,https://x.com/chaetodon07/status/1598671956471320576,三苫×田中碧、尊すぎんだろ…,chaetodon07,さかな,0,0,3
2022-12-02 22:34:36+09:00,1598671978323652608,https://x.com/japan_cow/status/1598671978323652608,三苫の１ミリ ボールがOUT出てるように見えても 上から見てINのライン上に1ミリでも かかってたらｲｲﾝﾃﾞｽ #三苫薫  #三苫の１ミリ #スペインVS日本,japan_cow,コウのつぶやき【おかやまのこ】,0,2,14
2022-12-02 22:35:22+09:00,1598672171382951936,https://x.com/hitoonatuu/status/1598672171382951936,三苫くんと碧くんヤバない？,hitoonatuu,ひとなつ✬,0,0,2
2022-12-02 22:36:09+09:00,1598672370272722946,https://x.com/torasaburai/status/1598672370272722946,まあしかし、ドイツ国民にしてみたら、あのライン際の三苫選手のボール、ラインを割ってるようにしか見えへんやろな。日本がその立場やったら、自分もそうにしか見えへんかったと思うｗ　でもコンピューターがミリ単位以下の測定でボールインと判定したんだよ。ごめんよ、ドイツ、それが現実,torasaburai,TO☆RA,0,0,0
2022-12-02 22:37:32+09:00,1598672718450552832,https://x.com/utada_sauna/status/1598672718450552832,三苫さんや田中さんを育てた川崎にふるさと納税で貢ぎ物していいよ,utada_sauna,宇多田サウナ,1,0,2
2022-12-02 22:37:32+09:00,1598672715795562497,https://x.com/hiroreh0201/status/1598672715795562497,三苫と田中 バックグラウンド込みで少年漫画の主人公すぎるでしょ、、、、,hiroreh0201,ヒイロ,0,0,4
2022-12-02 22:38:04+09:00,1598672852869591040,https://x.com/ishi_oyazi/status/1598672852869591040,三苫と田中の小学校からの感動話 日本人ってこういうの好きですよね でも、このニュース見る度に泣けるし 感動話良くないですか？ 日本人でよかった,ishi_oyazi,いっしー,0,0,5
2022-12-02 22:38:22+09:00,1598672929184960512,https://x.com/hijiring0616/status/1598672929184960512,三苫と田中碧だから抱き合ってゴロゴロしても絵になるんだよな。 あれが吉田と長友だったら見ていられない。,hijiring0616,ひじりさん,0,0,0
2022-12-02 22:38:42+09:00,1598673012265746433,https://x.com/vgoldvv/status/1598673012265746433,三苫、田中を輩出した 川崎 鷺沼の株が爆上がりだね～↑↑↑　田園都市線の 鷺沼駅前のREIT、売ってないかな～ 笑,vgoldvv,株株パラダイス！【公式】,1,0,8
2022-12-02 22:38:43+09:00,1598673016111742976,https://x.com/ryossanVT/status/1598673016111742976,三苫と田中が抱き合って喜んでるシーン見て気付いたらニコニコしながらてぇてぇなぁって思ってしまってた 病気や,ryossanVT,りょぷとん_スマホ絵,0,0,1
2022-12-02 22:39:07+09:00,1598673116049608704,https://x.com/R_r2144/status/1598673116049608704,三苫のパスめっっっちゃ綺麗、まじで惚れる,R_r2144,あーる,0,0,3
2022-12-02 22:39:45+09:00,1598673276515282944,https://x.com/mana5525/status/1598673276515282944,サッカー見ちゃった 試合終了直後、三苫選手と田中碧選手が喜び合ってるのがすごくよかったです(),mana5525,麻那実@11/29(土)routeS2下北沢ReG,0,0,3
2022-12-02 22:39:49+09:00,1598673292692684806,https://x.com/kaoriokubo/status/1598673292692684806,三苫さんと田中さんの少年時代からの関係が尊い…。碧と薫って、名前までマンガみたいだし、いろいろとすごいな。,kaoriokubo,大久保かおり,1,0,7
2022-12-02 22:40:31+09:00,1598673468652163073,https://x.com/hitecrazy/status/1598673468652163073,"スペイン戦の勝ち越しゴールを演出した三苫選手と田中選手が""幼なじみ""と知ってからあのシーン見返すと、胸にこみ上げてくるものがあるよね。",hitecrazy,なか,0,0,1
2022-12-02 22:40:37+09:00,1598673493155254272,https://x.com/kusudo/status/1598673493155254272,サッカーファン陽キャ説あるけど、当時キャプテン翼がめちゃくちゃ人気なときにはコミケで大量のキャプ翼びーえるが産み出されていたのでじゅうぶんに陰キャ味あるよ。絶対でるよ、三苫×田中、冬コミ・・・,kusudo,kusudo,0,2,20
2022-12-02 22:41:02+09:00,1598673599006928897,https://x.com/sugiyamasya1946/status/1598673599006928897,三苫選手の折り返したボールがラインを割っていたかどうか世界中で話題になっているようですが、ルール上どう見てもセーフ！  わずかでも線に乗っていればセーフだと静岡の公立中学校の体育で教えてくれましたよ！！  この後は韓国とポルトガル戦を見ようかな！,sugiyamasya1946,杉山写真材料店【公式】,0,1,30
2022-12-02 22:41:12+09:00,1598673638965727232,https://x.com/maruyama_t8455/status/1598673638965727232,｢三苫の1ミリ｣ これぞ、今年の流行語大賞,maruyama_t8455,丸山 たかひろ：胎内市議,0,0,2
2022-12-02 22:41:20+09:00,1598673673720049667,https://x.com/tukkintosh/status/1598673673720049667,国際試合でまさにスターの輝きを放つ選手は必ずいる  アルシャビン、ハメス...  今回は三苫！,tukkintosh,Steven Robinson,0,0,0
2022-12-02 22:42:29+09:00,1598673965580701697,https://x.com/moki_0827/status/1598673965580701697,田中と三苫が寝っ転がって抱き合ってる動画を腐の目で眺めてるワイはもうダメかな……,moki_0827,もき,0,0,6
2022-12-02 22:43:00+09:00,1598674095578615808,https://x.com/Zahlangabeheft/status/1598674095578615808,日本対スペイン観たけど、三苫の負けん気がすごかった。あと相変わらず本田圭佑の解説が面白い。「まだ泣くの早い」「日本勝ってる時に冗談やめてもらっていいですか？」は爆笑だったし、ゆるふわ槙野とのコンビもハマってる。,Zahlangabeheft,yyyy/mm/dd,0,0,1
2022-12-02 22:43:18+09:00,1598674170912526336,https://x.com/Hinako_IMMM/status/1598674170912526336,明日はアイドル運動会 tiget.net/events/216920  そのあとは渋谷でライブがあるよ↓ 1日すんごい運動量だけど今日ゆっくり過ごして体休めたので明日は全力で楽しんじゃお！！楽しみ〜〜  会えるかな？待ってまーす あ！田中さんと堂安さんと三苫さんもお待ちしてますwwww,Hinako_IMMM,小森ひなこ【I MY ME MINE】,4,2,29
2022-12-02 22:43:54+09:00,1598674319680282624,https://x.com/empathub/status/1598674319680282624,スペイン戦後半見終わった 三苫を左バックにするとスペインの右MF防げるのがすげーな,empathub,えふさん,0,0,2
2022-12-02 22:44:52+09:00,1598674565219356673,https://x.com/meme8823/status/1598674565219356673,田中碧と三苫は同級生なのね,meme8823,焼き栗8823G19,0,0,0
2022-12-02 22:45:05+09:00,1598674616012410881,https://x.com/nikochantama/status/1598674616012410881,三苫と田中碧のストーリー見たらもう久保も堂安も霞んでしまってもう今年のワールドカップ面白すぎてたまらない(๑¯ω¯๑),nikochantama,あっきゅん,0,0,2
2022-12-02 22:45:40+09:00,1598674765015023623,https://x.com/zerihiko/status/1598674765015023623,推しのサッカー日本代表の三苫選手が脱いだ瞬間放送を見だす小森めと  youtu.be/Z_Kni3X7q2o  @YouTube より,zerihiko,ぜりひこ,0,0,0
2022-12-02 22:47:10+09:00,1598675141478993920,https://x.com/Anego0417/status/1598675141478993920,田中選手と三苫選手が幼なじみと聞いて、もーこれはドラマにせなあかんやつやん？と思ってる私がいる。,Anego0417,Sophon,0,0,0
2022-12-02 22:47:17+09:00,1598675172000923650,https://x.com/ohnishi_kaoru/status/1598675172000923650,大大大興奮の朝  超関係ないけど、私の名前が｢薫｣で姉の名前は｢碧｣なのね。 まさかの三苫選手と田中選手と同じ漢字なのよ！ 勝手に共通点感じて姉妹揃って更に興奮してる  首位通過おめでとう！！！！！,ohnishi_kaoru,大西 薫 (おおにし かおる),1,0,7
2022-12-02 22:48:11+09:00,1598675397373472768,https://x.com/wafflepanda/status/1598675397373472768,ほぅ、三苫と田中、、ね、、,·,@wafflepanda,1,0,0
2022-12-02 22:50:16+09:00,1598675920881332225,https://x.com/lomomaria89/status/1598675920881332225,仕事忙しすぎて職場で三苫さんの話はしなかった。ただし仕事をしながら何度も三苫さんのこと思い出してた。あのゴールのアシストの凄さと最後の方で猛スピードで飛び出してきた姿と試合終了後の田中さんとの抱擁を反芻しまくった。ファンになるかも,lomomaria89,ロ・マリア,0,0,1
2022-12-02 22:50:18+09:00,1598675929798156292,https://x.com/noir_et_blanche/status/1598675929798156292,もはや三苫ファンステファンにも似てると思うんだけどなーって相方に言ったらヒゲの濃いとこだけなって言われたw,noir_et_blanche,bonbon,0,0,2
2022-12-02 22:50:27+09:00,1598675967916269568,https://x.com/naoyanstar/status/1598675967916269568,今、世界で話題の主役となっているのが、1mmのライン上、奇跡のゴール。  食らいついてボールを生かした三苫薫選手と、彼を信じて飛び込んでシュートを決めた田中碧選手が同じ小学校だったって、まさに筋書きの無いドラマ。  こんな出来過ぎたドラマの最期、脚本家ならW杯優勝させるしかないですよね？,naoyanstar,naoya&star@海外旅行大好き,3,0,40
2022-12-02 22:50:49+09:00,1598676060560064513,https://x.com/hitakinomori09/status/1598676060560064513,見逃していたサッカーを見ているのですがスペイン戦熱い2点目の連携凄すぎですし田中選手と三苫選手の友情にも感動しかないおめでとうございます,hitakinomori09,火焚森✧ˊ˗,0,0,1
2022-12-02 22:52:40+09:00,1598676526211698688,https://x.com/hrs_okabe/status/1598676526211698688,三苫選手のクロスにいちゃもんつけてる輩がいるらしいけど… 小数点第30位に名前がつく時代、あんな明確な判定に何の文句があるんですかねぇ。 あなたの心臓の手術で、執刀医が1ミリ見間違えたら？と思ってしまう。,hrs_okabe,岡部 寛連珠(競技五目並べ)九段 Hiroshi Okabe,0,0,1
2022-12-02 22:52:51+09:00,1598676573519216640,https://x.com/morisawa_akio/status/1598676573519216640,スペイン戦を観てて、いちばん「あ、勝てるかも」と思った瞬間は、冨安と三苫が出てきたときだったなぁ。  #ワールドカップ #日本対スペイン #冨安健洋 #三苫薫,morisawa_akio,森沢明夫（小説家）official,3,1,46
2022-12-02 22:53:03+09:00,1598676623171399680,https://x.com/ayapan94/status/1598676623171399680,「コロンブスの卵」とか「弁慶の泣き所」とか人名の入ったことわざいくつかあるけど、「三苫の1ミリ」もことわざにしていいよな。あきらめなければ希望があるみたいな意味で,ayapan94,アヤパン94,0,1,1
2022-12-02 22:53:08+09:00,1598676641848647681,https://x.com/Kazutti_1201/status/1598676641848647681,"今年の流行語大賞は、""村神様""を撤回し、""三苫の1ミリ""にします！！  #W杯カタール大会 #三苫",Kazutti_1201,かずっち,0,0,2
2022-12-02 22:54:00+09:00,1598676861273313285,https://x.com/hora_of_good/status/1598676861273313285,「三苫の1ミリ」最高,hora_of_good,Hora-of-Good,0,0,4
2022-12-02 22:54:13+09:00,1598676916936249349,https://x.com/stage_aiNM35/status/1598676916936249349,報ステ観てて、三苫選手と田中選手の関係性がとても素敵だなぁと思った,stage_aiNM35,ステジ愛Dreamy Aqours color,0,0,3
2022-12-02 22:55:29+09:00,1598677233446846465,https://x.com/hiro33989192/status/1598677233446846465,三苫選手の今後に注目したいと思います。  t.co/NmufpHo29R,hiro33989192,圭佑,0,0,1
2022-12-02 22:56:11+09:00,1598677410412924928,https://x.com/dFmcwMalAH3Rgo2/status/1598677410412924928,鎌田         タケ                 伊藤  三苫     田中       田中       三苫        三苫      三苫      三苫                     三苫   #FIFAWorldCup,dFmcwMalAH3Rgo2,ᗰυυ∫∫,1,0,3
2022-12-02 22:56:37+09:00,1598677518403670018,https://x.com/umanosuki/status/1598677518403670018,しかし、後半の右-冨安　左三苫のディフェンスの安定感と言ったら。三苫がこんなにディフェンスできるとは。恐れ入りました,umanosuki,uma,0,1,0
2022-12-02 22:57:13+09:00,1598677671403089920,https://x.com/738crown/status/1598677671403089920,今日の早朝にライブで サッカー観戦した皆さん お疲れさまでした いゃぁ興奮しましたね(lll⚆ᗜ⚆) そして眠かったですね  興奮して騒がしいツイート してしまいました  堂安、三苫ビッククラブが 興味を持ったかもね！ でも、移籍したばかりだからな…,738crown,浜っ子,0,0,13
2022-12-02 22:58:05+09:00,1598677888672628736,https://x.com/umanosuki/status/1598677888672628736,終了後の三苫&冨安の世界的ハグは興味深いなー。彼らがサブで出てこれるのが日本の強さかも,umanosuki,uma,0,0,0
2022-12-02 23:01:07+09:00,1598678651393912832,https://x.com/cocokit/status/1598678651393912832,スペイン戦の動画見てるけど やっぱ三苫ってすげーんだな…,cocokit,キット,1,0,1
2022-12-02 23:01:25+09:00,1598678727076229121,https://x.com/SeaandLemon1/status/1598678727076229121,日本とスペイン戦、三苫のアシストがVAR等でインプレー、その後のゴールが認められた。結果的にドイツがGS敗退となるプレー。VAR等がない時代なら、ノーゴールだった可能性もある。今大会かつてない程、ジャイキリ連発だと思うけど、VAR等のおかげで強豪国有利の裁定が減ったせいもあると思う,SeaandLemon1,Sea and Lemon,1,0,2
2022-12-02 23:03:31+09:00,1598679258527768577,https://x.com/bankinya/status/1598679258527768577,三苫の1ミリを3DCADで検証してみている,bankinya,たけQ𝕏,0,0,3
2022-12-02 23:06:13+09:00,1598679935157424130,https://x.com/hoshidora23act2/status/1598679935157424130,やっぱ三苫さんすげぇな！ 今更すけど,hoshidora23act2,すろ爺@すろーらいふ㌠,0,0,1
2022-12-02 23:11:36+09:00,1598681291129778177,https://x.com/takeonomado/status/1598681291129778177,三苫投入！（発狂,takeonomado,m-take,1,1,18
2022-12-02 23:12:44+09:00,1598681577898225665,https://x.com/72natty72/status/1598681577898225665,三苫氏と田中氏の関係性に萌えない腐女子はいない尊過ぎて妄想すら憚ら…憚ら…,72natty72,一色ナツ創作BL,1,0,53
2022-12-02 23:12:52+09:00,1598681608395317249,https://x.com/isonobon/status/1598681608395317249,軽く寝て、夢見たんだけど、三苫サーーンがマンチェスターシティに移籍する夢みた。 なんか、シティは水色だけども、トッテナムとか白い系ユニフォーム着てそう…,isonobon,イソボン@pizzamanz,0,0,3
2022-12-02 23:13:13+09:00,1598681696777678848,https://x.com/ajiken/status/1598681696777678848,今、別アングルで2点目の映像見たけど、直線的に突っ込んでくる三苫のスピードが凄すぎて、あっけにとられてます。ゴールを狙う一瞬の嗅覚は、やはり日本代表の最大の武器！  #日本代表 #三苫 #田中碧,ajiken,ajiken,0,0,1
2022-12-02 23:14:45+09:00,1598682083798712322,https://x.com/GGamshara/status/1598682083798712322,三苫はみとまって読むのか。  ニュース見るたびに｢み…みつ…み……｣ってなってた,GGamshara,山﨑大剛☽･:*作家,0,0,0
2022-12-02 23:15:25+09:00,1598682251390291971,https://x.com/live4sb011/status/1598682251390291971,走った前田、三苫なまら最高 後半、ライン上でクロスを上げるＭＦ三笘（ＡＰ） : 三笘薫がライン上で執念のクロス、田中碧の勝ち越しゴール呼ぶ…「本当に１ミリです」：写真 : 読売新聞オンライン : 読売新聞オンライン,live4sb011,K,0,0,1
2022-12-02 23:16:18+09:00,1598682475064352768,https://x.com/fumiaki_slh/status/1598682475064352768,今大会のドイツとスペインはこの泥臭さと必死さがとても出ていて、勝利よりもそれが通用したことがとても嬉しい。  勝てたのは浅野のごっつぁんゴール、三苫のギリギリ折り返しの幸運があるのでラッキーなんだけど、少なからず戦い方がうまくいけば互角だという証明ができたと思う。,fumiaki_slh,ほそのふみあき,0,0,0
2022-12-02 23:17:25+09:00,1598682753431920642,https://x.com/Lesoa_design/status/1598682753431920642,三苫選手と田中選手のイケメンコンビの関係性の尊さに脳溶かされてる,Lesoa_design,Lesoa,0,0,2
2022-12-02 23:17:31+09:00,1598682778610339841,https://x.com/head_oyster/status/1598682778610339841,ABEMA見終わった～ 今朝4時からNHK見てたから試合の流れは知ってるけど、一応落ち着いて見ると伊藤純也選手と三苫選手はマジで守備もすごい インタビューで長友選手の「ブラボー」も聞けたし満足ｗ 今日はゆっくり寝るかな ありがとう日本代表とスタッフと全サポーター,head_oyster,oyster-head医療従事者の皆様に感謝,0,0,3
2022-12-02 23:18:04+09:00,1598682918523523072,https://x.com/ramonkasumi/status/1598682918523523072,海外の方が三苫が先発で無いのは 理解できないとおっしゃってるが 後半の立て直しの難しい時間帯に 三苫さんにゴールに繋がるプレーをして もらうしかないからです。,ramonkasumi,霞　羅門(羅門ひとり),0,0,0
2022-12-02 23:19:39+09:00,1598683315527389184,https://x.com/namazurahage/status/1598683315527389184,三苫の1ミリみっーけ！,namazurahage,うまづらはぎ,0,0,0
2022-12-02 23:26:22+09:00,1598685005357600770,https://x.com/midoarinofumi/status/1598685005357600770,3点目もボックス、PA内からだけどこれも凄いゴール。  三苫と中島の共演も見てたかったんだけどね、キープできる攻撃陣、南野との相性は抜群なので。ポルトに移籍してからあれになっちゃったのがホント悔やまれる。,midoarinofumi,みどアリのフミ,0,0,0
2022-12-02 23:26:28+09:00,1598685032557576193,https://x.com/yama_0_d/status/1598685032557576193,堂安選手の1点目のミドルと三苫選手のこのパスはほんとに化け物だと思いました  こんなの、ヨーロッパのトップリーグでしか見れないと思ってました…まさか日本人が…て,yama_0_d,やま,1,0,2
2022-12-02 23:32:09+09:00,1598686462853070848,https://x.com/dirt_tiger/status/1598686462853070848,ブルーロック８話。成功の方程式＝再現性、てな話。リアル代表の方程式は前半ロースコアで後半三苫堂安でゲームチェンジ、ということになるわけだが。あれがどこまで組織的なプレーなのか個人の創造性なのかは興味をひかれる。,dirt_tiger,砂漠の虎,0,0,0
2022-12-02 23:32:20+09:00,1598686510123192322,https://x.com/niconico0005/status/1598686510123192322,今日の三苫ー田中パターンは三苫の最も得意の形だたか・・・ そして、プレミアでもゲームの流れを変える圧倒的ジョーカーとしてプレー、森保監督もそれをわかった使い方なのかのう・・と妄想,niconico0005,(*ﾟーﾟ)／【軟式・時々超硬式】,0,0,0
2022-12-02 23:32:35+09:00,1598686571364241408,https://x.com/xtakabon/status/1598686571364241408,今回たまたま上手くいっているけれど、チームとしての約束事は必要じゃないかな。 試合の途中で相手のパターンが変わったときに慌てたし、攻撃でも守りでも考えが統一されていなかったように思う。 戦術三苫はいいけど、三苫にパスが出なかったコロンビアではだめだったし。,xtakabon,たかぼん＠情報セキュリティ専任です。一人情シスは5社で終わり。,0,0,0
2022-12-02 23:36:31+09:00,1598687562541203456,https://x.com/Vegetablenabe/status/1598687562541203456,三苫選手のラインぎりぎりのプレーボールを上からたたいて浮かす技術、メッシがキーパーかわすシーンで使ってたのを思い出させたなぁ,Vegetablenabe,ゔぇじたぶる@2日目(水)西ふ-40b,0,0,7
2022-12-02 23:37:32+09:00,1598687817403879424,https://x.com/taitohuku/status/1598687817403879424,三苫選手 #カタールW杯,taitohuku,テラ,0,0,1
2022-12-02 23:38:57+09:00,1598688173453877250,https://x.com/Freemason007/status/1598688173453877250,三苫の1ミリ 2022年の流行語1位でしょ！ #日本代表    #カタールW杯  ￼#三笘　　#ドーハの歓喜,Freemason007,Freemason007,0,1,2
2022-12-02 23:40:00+09:00,1598688439456927744,https://x.com/hazzukki/status/1598688439456927744,三苫選手のプレー見てると泣いちゃう,hazzukki,HAZUKI⑅NIREI 楡井華津稀,0,0,2
2022-12-02 23:40:50+09:00,1598688647427104771,https://x.com/tyj24wmhy/status/1598688647427104771,｢三苫｣みとまと読むことは分かりました！！ だれか辞書に載ってない方の 意味を教えていただけませんか！！,tyj24wmhy,ありえない坂口さん,1,0,12
2022-12-02 23:41:39+09:00,1598688852662947840,https://x.com/lalasakura2008/status/1598688852662947840,岡田さんが言っていたが、次戦大切なのは、球に迫ってデフェンスすることだね。失点を抑えれば、勝てるチャンスはある。攻撃的なデフェンス。高い位置からのデフェンスが大事かなあ。三苫は後半だね。DFは、冨安、吉田、谷口、長友か。3バックかなあ。右サイドが伊東。ボランチは、遠藤、守田か。,lalasakura2008,エリー,0,0,0
2022-12-02 23:42:52+09:00,1598689158729732096,https://x.com/TANT13686780/status/1598689158729732096,三苫選手と田中選手がピッチで抱き合っている姿はマジ泣けました。幼いころからライバルで親友の幼なじみいい仕事するなあ,TANT13686780,TantoカスタムRS,0,0,7
2022-12-02 23:43:02+09:00,1598689200874086400,https://x.com/2528_pomeranian/status/1598689200874086400,三苫＆田中が、なんだか 翼くん＆岬くんみたいだった,2528_pomeranian,M i-Ke犬,0,0,8
2022-12-02 23:43:42+09:00,1598689370873430024,https://x.com/junzo07/status/1598689370873430024,「三浦瑠璃」が跡を絶たないですね「三浦瑠麗」です。 あと、三笘ですよ。三苫じゃない。,junzo07,純ちゃん,0,0,0
2022-12-02 23:43:43+09:00,1598689371657736192,https://x.com/Herpestidae/status/1598689371657736192,三苫選手のアシストが ショーンエリオットのライン踏まずの3ｐとかぶる  1999 Playoffs: Game 2 Western Conference Finals: San Antonio Spurs vs. Portland Trailblazers youtube.com/watch?v=u1EL38 …,Herpestidae,まんぐ～すぅ。,0,0,2
2022-12-02 23:44:01+09:00,1598689447255900161,https://x.com/primitive_alive/status/1598689447255900161,日本代表の田中選手と三苫選手のエピソードを見ていると隣駅の小学校出身なのと、ちびまる子ちゃんの大野くんと杉山くん的な感じに見えてしまいます。,primitive_alive,YU§TA,0,0,4
2022-12-02 23:46:17+09:00,1598690017941258240,https://x.com/medamayaki_haru/status/1598690017941258240,三苫選手のドリブル80mぶち抜きはJでもみたわ~,medamayaki_haru,はるなぎ,0,0,3
2022-12-02 23:50:07+09:00,1598690985261031424,https://x.com/sekkieee_nsr/status/1598690985261031424,今日本スペイン戦見直してるけど1点目の前田のプレスから三苫プレス→伊藤→堂安の流れエグすぎやろ 今まで見たことない日本代表の美しさ,sekkieee_nsr,sekkie? sekkey! NSR,0,0,1
2022-12-02 23:52:29+09:00,1598691579576823809,https://x.com/usachannelalice/status/1598691579576823809,＜サッカーW杯＞韓国の現役選手が三苫選手のプレーにいちゃもん「ゴールラインを割っていたように見えた」  u-antenna.usachannel.info/202212022337.4 …,usachannelalice,うさちゃんねる,0,0,0
2022-12-02 23:54:13+09:00,1598692017303097344,https://x.com/mochioism/status/1598692017303097344,三苫先生の折り返し、下からすくい上げる蹴り方ではなく、トップスピードで上から抑えるような蹴り方でボール浮かせたの一体どんな高等技術なんや。この週末は全国のサッカースクールでこのライン際の練習流行りそう！堂安選手のゴールもすごかったからもっと取り上げてほしいが…,mochioism,もっつぁれら,1,0,4
2022-12-02 23:55:24+09:00,1598692315581014017,https://x.com/721475/status/1598692315581014017,三苫まじいい武器持ってんなー、豆頭とプレイスタイルの相性いいと思うの俺だけ？,721475,ひが,0,0,2
2022-12-02 23:57:08+09:00,1598692751625060352,https://x.com/asami_yutori/status/1598692751625060352,三苫選手と田中選手の幼なじみエピソードたくさんやっててほっこり…,asami_yutori,あさみ ゆとり@11/22〜24謎解き公開中,0,0,0
2022-12-02 23:58:47+09:00,1598693164663328769,https://x.com/peacefulguitar/status/1598693164663328769,どのメディアも三苫選手のボールが出てるか出てないかばかりだなぁ…。そこじゃないんだよ！！あの状況で浮かし玉を出すという判断力（ゴロだったら前田選手にぶつかっていた）そしてそれができる技術力を誰かに解説してもらいたい。本田さんくらいじゃないか？そこに触れていたの。,peacefulguitar,ギター講師・ギタリスト　道祖尾良児（さいのおりょうじ）,0,0,0
2022-12-02 23:59:28+09:00,1598693338450120704,https://x.com/whochukewan/status/1598693338450120704,三苫選手と田中碧選手がハグして芝をゴロ～ってするシーンがもうラブラブ過ぎて、何だかニヤニヤしちゃうー。 もう一日中観てるー。 明日は切り替えましょうー☆,whochukewan,デイ(Daisy Lily),0,1,1
2022-12-03 11:57:18+09:00,1598873986913677316,https://x.com/1720fei11/status/1598873986913677316,確かに「三苫」は超えれると思うよ 無名選手だし,1720fei11,φ,0,0,0
2022-12-03 12:15:48+09:00,1598878642482073600,https://x.com/DaikiYamamura/status/1598878642482073600,三苫のVAR議論でますますVAR対インザーギ見たかった。多分ほとんどオフサイド。,DaikiYamamura,山村大輝a.k.a. UNITED(株)建設会社の総合サポート,1,0,14
2022-12-03 12:42:23+09:00,1598885331088314368,https://x.com/TOMI_EZO/status/1598885331088314368,相手はアウトと判断足が止まってた 三苫、前田、碧は諦めず飛び込んだ #サッカー日本代表  #ワールドカップ  #公式見解発表  #ジャイアントキリング,TOMI_EZO,とみ@北海道@12月13日アニラ,0,3,10
2022-12-03 12:47:57+09:00,1598886733655191553,https://x.com/jijixi_org/status/1598886733655191553,三苫の例のパス、画像認証になる : なんじぇいスタジアム＠なんJまとめ blog.livedoor.jp/nanjstu/archiv …  真ん中選ぶやつはロボットってのがうまい,jijixi_org,jijixi,0,2,0
2022-12-03 12:48:28+09:00,1598886862302908416,https://x.com/ZUN_mieeee/status/1598886862302908416,わたしのアルバムフォルダの中の数少ないサッカー関係の写真に新しく加わりました  三苫ｗｗ,ZUN_mieeee,tomi,1,0,3
2022-12-03 13:04:14+09:00,1598890830252900352,https://x.com/ishiken_bot/status/1598890830252900352,"FIFA、念入りに三苫選手のプレー判定 = 証拠映像も  日本-スペイン戦の決勝弾、田中碧選手の2点目をめぐって海外でも画像など飛び交う  FIFA、改めて動画・画像による公式見解を発表  ボールの""接地面""ではなく""ライン上空にボールがかかっているか""によりインプレー",ishiken_bot,石田☆カウンターエリート☆健（イシケン） / The HEADLINE 編集長,1,17,43
2022-12-03 13:07:12+09:00,1598891577300045824,https://x.com/laf_bmj/status/1598891577300045824,森保続投すんなよ  凄いのは三苫,laf_bmj,LAF,0,0,0
2022-12-03 13:07:13+09:00,1598891581016543233,https://x.com/rock_a_chan/status/1598891581016543233,三苫、田中碧、板倉、権田がいたクラブチーム #さぎぬまSC て #南葛SC かよ。  #さぎぬまSCて南葛かよ #日本代表 #三笘薫 #田中碧 #板倉滉 #権田修一 #FIFAワールドカップ  #FIFAWorldCup #FIFAWorldCupQatar2022  #キャプテン翼 #大空翼 #岬太郎 #石崎了 #若林源三,rock_a_chan,ろっかちゃん,1,2,19
2022-12-03 13:08:06+09:00,1598891803465453571,https://x.com/satoshi_koizumi/status/1598891803465453571,サッカー日本代表チップス買ったら、三苫と守田だった！  #三笘さん #守田英正  #サッカー日本代表チップス  instagram.com/p/ClsRq_uJbkGm …,satoshi_koizumi,コイズミサトシ,0,0,1
2022-12-03 13:30:24+09:00,1598897416161239042,https://x.com/hatune19730717/status/1598897416161239042,まさにコレですね、三苫駅。,hatune19730717,初音,0,0,0
2022-12-03 13:30:45+09:00,1598897502123855874,https://x.com/taro300/status/1598897502123855874,サッカー日本代表の三苫選手がW杯のスペイン戦でギリギリ1mmだけボールがかかった状態で折り返したシーンに感動し、このような1mmだけボール(茶色●)が61.8%のラインにギリギリかかって飛び出していった場面で、売り(sell)出来るように頑張りたいと思いました #USDJPY,taro300,たろう,1,0,1
2022-12-03 14:04:16+09:00,1598905936890187776,https://x.com/mikasyon1228/status/1598905936890187776,三苫と田中の関係を旦那に熱く語られた娘。あの2人の抱擁シーンを見てのたうち回っている こんなの少年漫画じゃん。名前からしてもう主人公じゃん。なんならベタすぎてボツになりかねないぐらいの王道の少年漫画じゃん… お母さんもそう思う。あのシーンは表情筋全部ゆるっゆるになるよな,mikasyon1228,ちゅるり,1,0,14
2022-12-03 14:14:41+09:00,1598908560830009344,https://x.com/albirdman_23_1/status/1598908560830009344,マジでギリギリやん 三苫半端ないって,albirdman_23_1,ﾕｳﾁｬﾝ,0,0,2
2022-12-03 14:15:40+09:00,1598908806662348800,https://x.com/choku_nyu/status/1598908806662348800,三苫と田中が小中の同級生ってのもアツいが、子供のころの写真みたら二人ともメチャクチャ可愛いな,choku_nyu,ふじきぶちょー,0,0,5
2022-12-03 14:16:41+09:00,1598909063097565184,https://x.com/kiroku_takano/status/1598909063097565184,【三苫】サッカー三笘選手にちなんで取材に行きました。子供の頃は西鉄沿線住民でしたから、感無量です。字もそっくりで、読みも同じ。三苫の皆さんとともに応援しております。決勝トーナメントでも活躍を！　,,,0,0,0
2022-12-03 14:20:29+09:00,1598910018463887360,https://x.com/GAMBAREOMARU/status/1598910018463887360,三苫 堂安 浅野 久保  この四人は今大会 覚えておいて損はないと思う,GAMBAREOMARU,れおまる@'26“栗山さんと共に”,0,1,5
2022-12-03 14:33:38+09:00,1598913328654716928,https://x.com/kaiton_spoon/status/1598913328654716928,三苫の折り返しw  めっちゃ笑ったww,kaiton_spoon,魁翔,0,0,4
2022-12-03 14:42:06+09:00,1598915459856097281,https://x.com/28767/status/1598915459856097281,スペイン戦の2点目って三苫さんが間に合ったのもすごいけどそのボールが前にいた前田大然の体にぶつからずゴールポストに当たらずギリギリで通っていったのすごいよね。,28767,toycochan,0,0,3
2022-12-03 14:50:39+09:00,1598917610120564741,https://x.com/ganymede108/status/1598917610120564741,三苫が「最後まであきらめてはいけない」って教えてくれたな…。いや、臭えお気持ち論じゃなくて、ヨーロッパの一流と言われる中にもオフサイドやファウルを自己判断してプレーを止めちゃう素人を見かけてマジかよと思ったの。,ganymede108,トーマス107,1,0,4
2022-12-03 15:09:52+09:00,1598922446752845825,https://x.com/tokage2022/status/1598922446752845825,【ネットで見かけた英単語】 childhood friends 　幼なじみ  Mitoma and Tanaka have been childhood friends since elementary school. It's like Captain Tsubasa!  日本代表の三苫、田中両選手の幼馴染コンビによるスペイン戦のゴールが、キャプテン翼なみのストーリーだと海外でも話題です！,tokage2022,とかげ＠アメリカ駐在員,0,1,5
2022-12-03 15:50:03+09:00,1598932560457134080,https://x.com/pumpkinpuripuri/status/1598932560457134080,三苫VARの色々見た中でこの動画のヤツがカッコええし分かりやすいかも。  #daihyo,pumpkinpuripuri,うみ＠Future Stock,1,3,11
2022-12-03 16:20:13+09:00,1598940152176705537,https://x.com/kanayuki3/status/1598940152176705537,三苫＆田中幼馴染コンビと聞いたから同い年だと思ってたら三苫選手がひとつ上だったし薫さん呼びで変なとこに刺さりかけた,kanayuki3,かなゆき,0,0,3
2022-12-03 16:30:50+09:00,1598942823772196864,https://x.com/gcfoLM2jv6hVzl4/status/1598942823772196864,今回のワールドカップで三苫くんが間違いなく世界に知れ渡ってしまったね、プレミアリーグ再開したらマークが厳しくなる、そこから今と変わらず活躍すればビッグクラブは放っておくわけがない。頑張って上り詰めてくれ,gcfoLM2jv6hVzl4,パン工房LE PAIN NAGATA,0,0,26
2022-12-03 16:46:43+09:00,1598946818934870016,https://x.com/kana_violetann/status/1598946818934870016,三苫といったら「うみ」しか出てこんよ…。,kana_violetann,お_か_じ_ゃ_き,1,0,5
2022-12-03 16:49:33+09:00,1598947532868292608,https://x.com/nakau1/status/1598947532868292608,村神様が新語流行語大賞獲るなら、「ロストフの14秒」なんて獲ってしかるべきだったし、「三苫の1ミリ」は大いにあるべきでしょう( ˘ω˘ ),nakau1,なかゆー,0,0,1
2022-12-03 17:17:53+09:00,1598954662019084288,https://x.com/ovwEAI4Z4wu4Q5R/status/1598954662019084288,私は勝手なイメージで久保さんがこういう事を成してしまう選手になるかもだなって見てたフシがある。香川さんのハットとは違って自分が切り拓く感があるのすごいよな。三苫さんきちんと見てなくて知らなかったの恥ずかしくなったわ。 youtu.be/ad-bARBwmTQ,ovwEAI4Z4wu4Q5R,海猫のオッサンw,1,0,10
2022-12-03 17:18:59+09:00,1598954939199651840,https://x.com/jtcy_obzaiya/status/1598954939199651840,ワールドカップ・スペイン戦のことを話すときに、みんな「三苫さん」と話しているように、本田圭佑の影響で「サッカー選手にはさん付けをする」という風潮が一気に浸透した気がする。,jtcy_obzaiya,JTCY,0,0,3
2022-12-03 17:21:56+09:00,1598955684007411713,https://x.com/Shun19841212/status/1598955684007411713,みとまの漢字は完全に間違えてた……  × 三苫薫 ↓　↓　↓ ○ 三笘薫,Shun19841212,峻(Shun)テックリード・ダーツブロガー・プロダーツプレイヤー,0,0,0
2022-12-03 17:22:26+09:00,1598955807533850625,https://x.com/ShimoyamaHideya/status/1598955807533850625,FIFA｢ボールの一部がライン上に｣三苫の折り返し #東洋経済オンライン  @Toyokeizai  toyokeizai.net/articles/-/637 …,ShimoyamaHideya,下山英哉(しもやまひでや),0,1,4
2022-12-03 17:26:41+09:00,1598956879794696194,https://x.com/uozumihinata/status/1598956879794696194,今回のW杯、めちゃくちゃ感情を揺さぶってくるよね。まるでジェットコースターなドラマ。 それに1993年「ドーハの悲劇」の伏線回収しちゃったよね。おまけに三苫薫と田中碧の幼なじみ同士のアツい抱擁というBL的要素まで絡んできてるし、大河ドラマみたいになってきて…  お仕事の原稿が全然進まないや,uozumihinata,魚住陽向＝東京キャスケット舎,0,0,7
2022-12-03 17:33:31+09:00,1598958598092378113,https://x.com/tkyan_pwpr_mnst/status/1598958598092378113,日本スペイン戦リアタイ見れなかったから追っかけ再生で見てるんだけど、ゴール震えるのは勿論なんだけど、三苫さんのレベルと冨安さんの守備の安心感がえぐい（Keisuke Honda感）,tkyan_pwpr_mnst,たかやん,0,0,1
2022-12-03 17:43:24+09:00,1598961084303429632,https://x.com/iwakashi3140/status/1598961084303429632,"三苫薫いわきfc 5年前いわきにいた""MITOMA SAN"" #いわきfc",iwakashi3140,。,0,0,8
2022-12-03 17:49:10+09:00,1598962534672801792,https://x.com/toothbrushp/status/1598962534672801792,三苫選手の奥さんが大学時代からお付き合いしていた同じ体専出身の方だと知って好感度爆上がりである　真の男じゃん,toothbrushp,ハブラシ,0,0,0
2022-12-03 18:02:50+09:00,1598965977139798016,https://x.com/FVeNuTRiPZ3CfhR/status/1598965977139798016,福岡市東区みとま駅三笘と三苫駅,FVeNuTRiPZ3CfhR,かわむらやすひこ,1,2,3
2022-12-03 18:05:42+09:00,1598966697415041024,https://x.com/iina_awa_wa/status/1598966697415041024,もしもW杯の漫画を描くとして 今回の三苫選手の1mmからのゴールと 同時刻のドイツvsコスタリカのゲーム展開を描いたら「嘘くさい、そんなことあるわけない」って言われそう。,iina_awa_wa,あわわ（角野レオ）,0,0,5
2022-12-03 18:08:01+09:00,1598967281249554433,https://x.com/harukaz97617898/status/1598967281249554433,日本人プレーヤーの素晴らしいプレーに難癖付ける暇があったら少しでも練習して三苫さんに近づいてはいかが。まあ遠く及ばないでしょうが。性根が腐ってますからね。,harukaz97617898,はるかぜ　harukaze,0,1,2
2022-12-03 18:08:26+09:00,1598967385205399552,https://x.com/LaY3nKgyFaGKq4l/status/1598967385205399552,クロアチアに勝つために！ 前田、堂安、三苫は先発で頼む。 この３人は、スペイン戦でかなり良かった！日本の決勝相手はフランスかな？ こっからは、全部見ます！スペイン戦は、負けると決めつけて寝てましたw,LaY3nKgyFaGKq4l,たんぽぽくん。,0,0,7
2022-12-03 18:10:47+09:00,1598967977847967744,https://x.com/Terautyu/status/1598967977847967744,三苫薫　命式は、非現実の世界に生きてる星←サッカーの事【のみ】真面目に考えている星 ↓ 朝から晩までサッカー、、趣味もサッカー、夢にまでサッカー ↓ 『壬』の直感と『巳』の勝負に強い（チャンスに強い）星の、並びがすごい ↓ まさに【涓滴岩を穿つ】←努力を続ければ、困難な事を成し遂げる,Terautyu,占い師Tera,0,1,3
2022-12-03 18:13:11+09:00,1598968581139861504,https://x.com/proyakyunewsX/status/1598968581139861504,三苫薫とかいう和製ロッペンww nanj.proyakyuantenna.com/aid/6890862/,proyakyunewsX,プロ野球ニュースX,0,0,3
2022-12-03 18:25:27+09:00,1598971666117275648,https://x.com/s_hanadi/status/1598971666117275648,サーブ&ストレート。  こんなにちゃんと入ってるのに、またアウトにされそうになった。 幸い、ボールに近い人がインだと認めてくれた。 セルフジャッジは事件が結構起こるからサンタさんにVARとかホークアイをお願いしたいっす。 VARがあっても三苫の神センタリングが欧州で物議を醸してるようだけど笑,s_hanadi,鈴木鼻血,0,0,1
2022-12-03 18:35:49+09:00,1598974274785935361,https://x.com/shimi_tel/status/1598974274785935361,「みとま」と打てば「三苫」ではななく「三笘」が頭に出てくる位、有名になったんだな。 グーグル検索の候補を見る限りまだ間違いは多そうだけど（笑） #三笘薫,shimi_tel,シミック,0,0,5
2022-12-03 18:49:07+09:00,1598977624877191169,https://x.com/teru_0927/status/1598977624877191169,野球選手はアメリカ英語話す人が多いけど、サッカー選手はイギリスアクセントの人が多いね！特に吉田選手はとてもイギリス英語感あるし、堂安選手もイギリス寄りに感じる！ 面白いのは三苫選手で、何故かドイツっぽい訛りを感じる！（tの音発音するときtsみたいに聞こえる） youtu.be/6eDHeDu1xNI,teru_0927,てるさちHabu先生ファミリー応援,0,0,0
2022-12-03 18:54:51+09:00,1598979067566788608,https://x.com/mangakokeshi/status/1598979067566788608,ブライトンが三苫プレー集upしとるのね。三カ月で徐々に出場機会増えてって感じだな。 youtu.be/9Re8FO25Ogo,mangakokeshi,こけし工場,0,0,0
2022-12-03 19:07:25+09:00,1598982227622506496,https://x.com/nkyut/status/1598982227622506496,三苫選手や鎌田選手はジャイキリの椿選手のようだな、とW杯を観ていて感じたりたので、ジャイキリを読み直してる。ジャイキリ最高。 ebookjapan.yahoo.co.jp/books/120481/,nkyut,ナカタニエイト新規事業責任者＆脚本家,0,0,1
2022-12-03 19:20:15+09:00,1598985459451166721,https://x.com/Qqdmf2/status/1598985459451166721,2010オランダ戦の左サイド大久保ルーレットがやたら鮮烈で記憶に残ってるけど、三苫の振り切れた加速も記憶に残るなこれは,Qqdmf2,懸垂あざらし,0,0,2
2022-12-03 19:22:00+09:00,1598985898443489280,https://x.com/tok_1212/status/1598985898443489280,黄金期のジュビロと同じ感じだよね。つまり世代交代しくじるとこっから5年で上位に絡めなくなって10年で降格のピンチに陥る。＞全盛期の川崎フロンターレ、三苫に田中碧に守田に谷口…そら強い : footballnet【サッカー5chまとめ】,tok_1212,tok,0,2,2
2022-12-03 19:24:54+09:00,1598986626746568705,https://x.com/discharge100/status/1598986626746568705,サッカーW杯スペイン戦後の三苫選手と田中選手のやり取りを知った時、どんなフィクションもこれには霞んでしまうと思った,discharge100,Xiba(ジバ) / 12/3(水) DJイベント@調布Cross,1,0,2
2022-12-03 19:26:00+09:00,1598986903847854080,https://x.com/niji37/status/1598986903847854080,三苫選手 凄すぎる… 技術は勿論だけど トップスピードできて ボールを奪えるって…  x.com/Y_fm919/status …,niji37,一美,0,0,1
2022-12-03 19:32:35+09:00,1598988561524871168,https://x.com/dedededenroku2/status/1598988561524871168,三苫,dedededenroku2,吉田隼人／Yoda,0,0,5
2022-12-03 19:33:05+09:00,1598988685835644930,https://x.com/asenalasenal/status/1598988685835644930,三苫の件で、日韓ワールドカップの時のスペイン戦のあれもVAR時代の今だったら結果変わってたのかなと思って少しググってみたら惜しくともなんともないレベルで草,asenalasenal,あーせなる@大三国志真戦,0,0,2
2022-12-03 19:40:08+09:00,1598990460105928704,https://x.com/bridgeco_jp/status/1598990460105928704,三苫は止められない前提でドリブルしてるから、こけ方がすべて前のめりで美しい…男だけど惚れるわー 真・三笘無双2 【三笘薫のドリブル集】-MITOMA skills all of his career 2017〜2022-  youtu.be/WMWiMHuuWUo  @YouTube より,bridgeco_jp,ハシバジン,0,0,0
2022-12-03 19:41:25+09:00,1598990785806209026,https://x.com/YoshiKita_Cam/status/1598990785806209026,【FIFAが正式発表】  ラインを割っていない映像を公開  改めて三苫さんの凄さがわかる  なんであのボールをマイナスかつ浮かせて折返しができるのか…  ライン判定と共に  三苫さんのプレーが異次元であることを証明する映像やな  （ミランに移籍してください）←ミラニスタ心の声,YoshiKita_Cam,YoshiKita,0,0,5
2022-12-03 19:50:44+09:00,1598993127507136513,https://x.com/bcgkmrrsy/status/1598993127507136513,メンバーに酒クズやと思われてるのほんまにやばいできのちゃん...酒やめような...! あとなんかプロサッカーチップスについてきた三苫選手のカード,bcgkmrrsy,みやびん,1,0,20
2022-12-03 19:55:23+09:00,1598994299957678081,https://x.com/splshuun/status/1598994299957678081,ここの寿司屋何回か来たことあるのに三苫薫と田中碧のサインあるの今日気づいたのどぐろうますぎん？？？？？,splshuun,どんし,0,0,4
2022-12-03 20:02:54+09:00,1598996190540222466,https://x.com/nkyut/status/1598996190540222466,日本代表のレジェンド2選手も鬼プレスの前田選手と執念の三苫選手をあげているので、サッカーを観る目はありそうだな、と自画自賛をしているところw news.yahoo.co.jp/articles/8e89e …,nkyut,ナカタニエイト新規事業責任者＆脚本家,0,0,1
2022-12-03 20:06:19+09:00,1598997051127517185,https://x.com/hilariouskdrama/status/1598997051127517185,三苫選手と田中選手が幼なじみで兄弟みたいに仲良しなのが、もう少年マンガの主人公みたいで #鷺沼兄弟  て呼ばれてるんですね。 「信じていたよ!」 三苫選手が田中選手に声をかける映像はもう映画のワンシーンみたいでした。 #FIFAWorldCup2022,hilariouskdrama,hilak,0,0,3
2022-12-03 20:08:41+09:00,1598997646416687104,https://x.com/jump09240622/status/1598997646416687104,三苫選手のゴールやばかったよねぇ…！ 本当に数ミリの世界… #nhkらじらー,jump09240622,ちゃんちゃんちゃん,0,0,1
2022-12-03 20:09:12+09:00,1598997778222682113,https://x.com/keiroha622/status/1598997778222682113,薮ちゃんに「誰？」って三苫選手情報を得る伊野尾くん 相変わらずやぶいのあって嬉しいな  #nhkらじらー #伊野尾慧 #八乙女光,keiroha622,いろは,0,1,13
2022-12-03 20:10:29+09:00,1598998097694101504,https://x.com/_l0key_im/status/1598998097694101504,三苫選手のことを「だれ？」と薮ちゃんに聞いた伊野尾くん「俺の話してることは全て薮と知念に聞いたこと。今日も薮と知念にお願いしてたのよ、歌番組もあるからさ、1時間(らじらー)来てサッカーの話してよと。でも今メイクしてるからダメだと」 サッカーで盛り上がるいのやぶちね良き #nhkらじらー,_l0key_im,み,0,5,21
2022-12-03 20:17:21+09:00,1598999827445993474,https://x.com/L2ky_L/status/1598999827445993474,三苫が普通に守備対人強くてSB本職かと思ったわ カルバハルぶち抜いたのは痺れた  このままビッグクラブ行って欲しい  そんな俺はエペ開かずに暇ある時 イーフト(ウイイレ)してます、、、、 、,L2ky_L,𝐋,0,0,3
2022-12-03 20:29:16+09:00,1599002825497141248,https://x.com/kome3_RinaTokyo/status/1599002825497141248,知ってるのに、前田、三苫、田中碧の執念のゴールに,kome3_RinaTokyo,米三(こめさん),0,1,1
2022-12-03 20:40:52+09:00,1599005747383521282,https://x.com/sasshu_love/status/1599005747383521282,三苫選手が凄すぎてずっとAbemaみてる,sasshu_love,mikko,0,0,2
2022-12-03 20:47:43+09:00,1599007470823026688,https://x.com/tsuutsun0228/status/1599007470823026688,サッカーの三苫選手がラストパスを ラインに 1mm 残せたのは、日々のトレーニングをきちんとやっていたからなんだろうな。  日々の丁寧な努力の積み重ねが、大一番のホントに僅かな勝負の分かれ目になりますよね。  改めて日々、丁寧に頑張ろう。,tsuutsun0228,つつみ けんいちろう｜読書×マーケティング×バドミントン,0,0,3
2022-12-03 20:56:35+09:00,1599009702171807744,https://x.com/rionhiragi/status/1599009702171807744,三苫選手が高校時代、「男女混合のサッカーの授業で三苫選手に向かってドリブルしてきた女子を抜かせてあげた」と朝日新聞神奈川面に紹介されていて、私が三苫選手の広報だったらこのエピソードを全力で広げる。,rionhiragi,Rion Hiragi(柊りおん),0,1,2
2022-12-03 21:02:52+09:00,1599011280987123712,https://x.com/nodo777/status/1599011280987123712,三苫が食べたい～！  x.com/carpdori/statu …,nodo777,のど仏,0,0,1
2022-12-03 21:04:54+09:00,1599011795410509825,https://x.com/hikinikuzamurai/status/1599011795410509825,三苫の1ミリ 江夏の21球,hikinikuzamurai,ひき肉侍,0,0,0
2022-12-03 21:15:23+09:00,1599014430498787328,https://x.com/RakkaseiP7/status/1599014430498787328,今年の試験で円の接線に三苫ライン絡めて出てきそうw,RakkaseiP7,らっかせい,0,0,6
2022-12-03 21:21:28+09:00,1599015963504312322,https://x.com/kofublue/status/1599015963504312322,10戦勝ち無し6連敗中だった栃木戦後に声援を送ったことで、天皇杯優勝に繋がったのなら、それに少なからずとも影響を受けた森保さん率いるドイツ&スペインを撃破した今の日本代表はないと思う。 三苫のあのギリギリのプレーも含めて。 全ては繋がっている思った。,kofublue,ヴァンフォーレ信州,0,1,16
2022-12-03 21:25:56+09:00,1599017087368069122,https://x.com/meguco39/status/1599017087368069122,ダメだ… コスタリカ戦で三苫さんを発見し、スペイン戦で田中碧さんを発見し、どちらも爽やかすぎるカッコよさにハマる。しかも小学校の時から川崎フロンターレで一緒だったとな 単なるミーハーなアラフォーになってる いや、サッカー観るのもやるのも好きなんだけどね、ちゃんと,meguco39,めぐりん(つばきめぐみ) 愛を結ぶエネルギーガイド,0,0,7
2022-12-03 21:28:55+09:00,1599017839859728385,https://x.com/piropiro4/status/1599017839859728385,自分のツイートも途中からiPhoneさんが「三苫」推して来て「三苫」になっちゃってるな 「三笘」だよiPhoneよ「三笘」 辞書で「みと」で登録しとけばいいか？ >RT,piropiro4,ぴろぴろ,0,0,1
2022-12-03 21:41:25+09:00,1599020984950206464,https://x.com/Mako552200/status/1599020984950206464,フロンターレ時代にあんたが大賞なのに忘れてた田中碧にお前じゃね？って言う三苫さんを撮れてたの見返してずっと好きだわぁってなってる  #三笘薫  #田中碧,Mako552200,ℳ𝒶𝓀ℴ,0,72,0
2022-12-03 21:42:30+09:00,1599021254698479616,https://x.com/onikumaru_fuk/status/1599021254698479616,スペイン戦で決勝点を取ったあのシーン。 ボールはラインギリギリだったけど、三苫薫が絶対にクロスを上げてくると信じて、田中碧はゴール前まで行って、執念でボールを押し込んだ。  夢を実現して、スペイン撃破して抱き合う幼なじみ2人。 リアルドラマ過ぎて、何度観ても泣ける,onikumaru_fuk,おにくまる,0,4,30
2022-12-03 21:56:00+09:00,1599024652273479681,https://x.com/efmania/status/1599024652273479681,ユニフォームも然ることながら、  伊東純也選手、堂安律選手、遠藤航選手、三苫薫選手、権田修一選手、川島永嗣選手、谷口彰悟選手...  Pumaは、今回ワールドカップでキーとなる活躍してる日本代表選手と数多く契約出来てると思ふ,efmania,efmania,0,3,19
2022-12-03 22:08:03+09:00,1599027686776897536,https://x.com/akkbkkckk/status/1599027686776897536,子供が作った三苫w 6歳作 #サッカー #W杯 #日本代表 #三苫,akkbkkckk,すがの,1,1,10
2022-12-03 22:10:53+09:00,1599028400458723331,https://x.com/Akemi_Homuka/status/1599028400458723331,三苫さんの足は意味違いなく世界一見られてる足だと思うけど もしアシストしたのが三苫さんじゃなくて燦様だった場合、燦様のおみ足が全世界に拡散されるから燦様はサッカー選手になったらミユは血を吐いて死にそう,Akemi_Homuka,ほむかまさここは運命,0,0,1
2022-12-03 22:16:35+09:00,1599029832700289025,https://x.com/dasu0221maki/status/1599029832700289025,ワールドカップの話になり、菅田くんの口から三苫選手とか堂安選手とか、三苫選手と田中選手がキャプテン翼の翼くんと岬くんとかって言葉が聞けて…めちゃくちゃ語り合いたいと思った  #クワイエットジャーニー仙台,dasu0221maki,マキシム（マキ）,1,0,37
2022-12-03 22:30:18+09:00,1599033285317111809,https://x.com/pepereopepper/status/1599033285317111809,三苫のあれは1.88mm残しだったそうな  ちなみに一万円札は0.1mmだそうで、 前田くんの頭はVARだとたこや…サッカーボール判定になることがある事もあるみたいです,pepereopepper,gorix666,0,0,2
2022-12-03 22:37:34+09:00,1599035112712065024,https://x.com/ryutas1987/status/1599035112712065024,ちなみに僕先月から川崎市民になったので、三苫薫、田中碧あたりはツレみたいなもんです,ryutas1987,どらごん@,0,0,2
2022-12-03 22:42:21+09:00,1599036319652806656,https://x.com/mozukusu2525/status/1599036319652806656,ブラボォォォォ 三苫さんのギリギリを攻めた感じで我々も色んなことを攻めていこうと思います  というわけでDbD参加型でございます youtu.be/w0hBTSmGhvc,mozukusu2525,MoずくFiーご,0,3,9
2022-12-03 22:43:33+09:00,1599036618362720256,https://x.com/Tomorrowben/status/1599036618362720256,本当に  「三苫の1ミリと碧の飛込み」 「同点堂安」  日本を1次予選1位突破  フィールドで日本選手を煽りチャカしていたと  スペインにまさかの土を  同時にドイツが1時予選屈辱の敗退へ    ドーハの1ミリ,Tomorrowben,Tomorrow,0,0,1
2022-12-03 22:47:51+09:00,1599037703739551744,https://x.com/kusoneetbokujyo/status/1599037703739551744,三苫って堅物的に真面目そうなイメージだけど、求められるとこういうのも出来るんだな youtube.com/shorts/Xbn5QnY …,kusoneetbokujyo,クソニート牧場,0,1,3
2022-12-03 22:50:23+09:00,1599038340950798336,https://x.com/ryochin_kt013/status/1599038340950798336,今更だけど、 ・三苫薫 ・田中碧 ・堂安律 ・上田綺世 って並べたら「恋愛シミュレーションゲームの初期ヒロイン4人の名前です」って言われても通用しそうな感じある(？),ryochin_kt013,りょーちん,0,0,4
2022-12-03 22:53:55+09:00,1599039226758275072,https://x.com/noya_momose/status/1599039226758275072,【探求三昧ブログAmeba支部】 【W杯】日本は「VAR」が無ければ負けていた？～世界が騒然となった三苫選手の判定を元SEが分析  ameblo.jp/nmomose/entry- … #地震 #地震前兆 #地震予知 #地震予測 #災害,noya_momose,Noya Momose 百瀬直也,0,0,4
2022-12-03 23:10:16+09:00,1599043341706231808,https://x.com/TAKA_0411/status/1599043341706231808,推しのサッカー日本代表の三苫選手が脱いだ瞬間放送を見だす小森めと,TAKA_0411,しめじ/Kaga,0,0,0
2022-12-03 23:23:57+09:00,1599046788883021825,https://x.com/momoka0813masha/status/1599046788883021825,娘的にはあまり冒険はしたくなかったんだろうな。予備校のアドバイザーの人には、三苫選手の出身大学を薦められたことはあったけどめっちゃ近くていいんだけど、2次突破に不安や、入れたとしても勉強のレベルに多分ついていけないだろうなと,momoka0813masha,うさぎ☆,1,1,3
2022-12-03 23:30:46+09:00,1599048503673880576,https://x.com/RiotCityBlues77/status/1599048503673880576,スパサカ、三苫のドリブルの秘密。1年前の動画。出てるメンツがやばい。もっと再生数伸びそうなのに。  【三笘のドリブルはなぜ止められないのか？　完全版】  youtu.be/XTCOPzhP3kY  @YouTube より,RiotCityBlues77,supernova,0,0,1
2022-12-03 23:50:02+09:00,1599053352100573184,https://x.com/sakuramexicoman/status/1599053352100573184,三苫,sakuramexicoman,サクラメヒコマン,1,1,0
2022-12-04 08:19:04+09:00,1599181453278969858,https://x.com/kuretake_kazuki/status/1599181453278969858,サッカー日本代表の田中碧選手と三苫薫選手の育った街として話題になった鷺沼。 務めていた会社のサークル活動でフロンタウンさぎぬまでフットサルをしていたことを思い出しました。,kuretake_kazuki,榊原 一樹(くれたけ心理相談室 札幌支部),0,3,51
2022-12-04 11:10:11+09:00,1599224517758705664,https://x.com/connie1018/status/1599224517758705664,中国は競技者人口多くても比率が低かったりするのかしら。確かに競技者人口より、周りでサッカーやってる人が多い方がサッカー環境としては良い気がする。競技人口比率高いから三苫選手と田中選手が幼馴染とかが起こるわけだし。,connie1018,connie1018,0,0,1
2022-12-04 12:02:45+09:00,1599237744160800768,https://x.com/ROLEXTopsecret1/status/1599237744160800768,1.88ミリの奇跡 一円玉の厚みが1.5ミリだからいかに薫ちゃんのアシストが凄いか分かるよね なんかこのタイトルで映画になっても良いよね ルカモドリッチが日本(アビスパ福岡かサガン鳥栖か大分トリニータ)に来て三苫薫がレアルマドリードに移籍すればベストだね #三苫薫 #サッカー,ROLEXTopsecret1,潤一朗猫にシュシュ❁,1,4,268
2022-12-04 12:23:22+09:00,1599242933454385152,https://x.com/connie1018/status/1599242933454385152,古い話で横浜ベイスターズに大魔神佐々木がいた時、相手チームに「8回迄に試合決めないと9回佐々木が出てきて終わる」と思わせて采配に焦りや狂いを生じさせたみたいに、5人交代制だと「三苫前」「三苫後」の騙し合いでこちらのペースに巻き込めそう,connie1018,connie1018,0,0,2
2022-12-04 12:53:35+09:00,1599250536569929728,https://x.com/Toka_free/status/1599250536569929728,三苫さんはスーパーサブ扱いでよくないか？,Toka_free,トーカ☆。.:＊・゜,0,0,2
2022-12-04 12:55:19+09:00,1599250976044912640,https://x.com/dhalchan/status/1599250976044912640,流行りにのっかるぞ巡礼じゃぞ、漢字が違うのはもう気にしないぞ　実は世界最高齢のおばあちゃんが住んでたとこじゃぞ　,,,0,0,0
2022-12-04 13:23:29+09:00,1599258060878675968,https://x.com/rtr_xxx_tb/status/1599258060878675968,今なら三苫選手もらえるって(笑)おもろ,rtr_xxx_tb,るたる,0,0,0
2022-12-04 13:24:23+09:00,1599258288159608832,https://x.com/sorahikaru/status/1599258288159608832,三苫 すごいよ,sorahikaru,渡部薫@AIに良心を。,0,0,0
2022-12-04 13:55:58+09:00,1599266239024861184,https://x.com/bokaboka1012/status/1599266239024861184,いっちゃく先生が「わしゃボートの三苫さんしか知らん」って言うの好き。 @icchaku_boat,bokaboka1012,たいぞー,1,0,0
2022-12-04 14:30:00+09:00,1599274801389977600,https://x.com/tweetsoku1/status/1599274801389977600,サッカー日本代表に腐女子が大注目！ 三苫薫と田中碧の尊い行動に「熱いぜ～」  tweetsoku.com/2022/12/04/%e3 …,tweetsoku1,ツイッター速報〜BreakingNews,2,5,29
2022-12-04 14:45:42+09:00,1599278752952819713,https://x.com/cheross_anatano/status/1599278752952819713,元イングランド代表が、三苫の１ミリ判定を『「交通監視員が『タイヤが0.00001ミリ線を越えていたので罰金を科します』と言うのと同じだ。それがどんな気持ちか皆分かるだろう」とたとえ話でVARの廃止を力説』。  ネット民特有の話のすり替えじゃねぇかw  アホは発言すな。    approach.yahoo.co.jp/r/QUyHCH?src=h …,cheross_anatano,貴方野チェロス『ュロ』でなく『ェロ』なもんで,6,3,73
2022-12-04 15:18:14+09:00,1599286941668999168,https://x.com/yebisu_math/status/1599286941668999168,三苫選手がスペイン戦で残したサッカーボールの体積は、ボールの0.0005%,yebisu_math,ゑびす,1,38,310
2022-12-04 15:27:16+09:00,1599289213396320256,https://x.com/dz22DW77VPvKJI4/status/1599289213396320256,アルゼンチンvsオーストラリアを観た。メッシってボール持って動かずに立っていても、誰も動けないの、すごいな！オーストラリア1点取ったね、おめでとう(^^)/ 因みに、三苫のアレは1.88ミリだったとか、テクノロジーの勝利だ....,dz22DW77VPvKJI4,eddie,0,1,3
2022-12-04 15:45:31+09:00,1599293807446884352,https://x.com/KoalaEnglish180/status/1599293807446884352,三苫選手と学ぶ！可能性・推量を表す助動詞,KoalaEnglish180,こあたんこあらの学校,150,0,0
2022-12-04 15:59:12+09:00,1599297249829613569,https://x.com/nancyyacht/status/1599297249829613569,暇すぎて三苫さんのスタンプ作りました。 雑ですね。 #三苫選手  #あきらめない #フォートナイトいつできるのよ,nancyyacht,なんしよーと ᶘ ᵒᴥᵒᶅomg,2,0,8
2022-12-04 16:28:57+09:00,1599304735827582981,https://x.com/mayumihayashi/status/1599304735827582981,田中選手と三苫選手、そんなこと言い合ってたのかー「よくいたお前」「来ると思ってた」 個人的には堂安選手の「俺のコースなんで」が一番インパクトがあった。,mayumihayashi,Hayashima,0,0,0
2022-12-04 16:40:47+09:00,1599307713556512770,https://x.com/ShiomiKohei/status/1599307713556512770,三苫さんが大学に入ったことを、この記事を読むまで必要の無い「寄り道」だと思っていました。筑波大の体育学類だからこそ学べたということもあるだろうな、と。 number.bunshun.jp/articles/-/855 …,ShiomiKohei,Shiomi,0,0,2
2022-12-04 16:41:49+09:00,1599307975470247936,https://x.com/heipooGUMi/status/1599307975470247936,三苫の1mmもびっくりでしたが、今日ベッドから1mmも動かずグータラしてる。,heipooGUMi,ヘイポまる,0,0,5
2022-12-04 16:46:49+09:00,1599309234197315584,https://x.com/nodrumnolife/status/1599309234197315584,本日のパーソナルトレーニング。前田、伊東、三苫のスプリントをイメージしながら、1時間強トレーニングしました ,,,0,0,0
2022-12-04 17:23:13+09:00,1599318391206031360,https://x.com/chita_shima/status/1599318391206031360,ワールドカップ日本代表、奇跡の場面描いてみた 三苫かっこいい  #ワールドカップ日本代表イラスト #ワールドカップイラスト #三笘薫 #サッカーイラスト #日本vsスペイン,chita_shima,嶋ちたけ,0,1,7
2022-12-04 18:01:29+09:00,1599328022246854662,https://x.com/isayamadaisuke/status/1599328022246854662,伝説の「三苫選手の1ミリ！」が、ふっとぼーるカステラで再現されていました。  志方功一さん、グッジョブです！,isayamadaisuke,諫山大介（いさやま大介）,0,0,17
2022-12-04 18:32:54+09:00,1599335929919213568,https://x.com/a10051yt/status/1599335929919213568,A代表への混ぜ方？還元？の仕方が下手なだけでの若手は良いの居ると思うし 冨安とか三苫とか久保が4年後まだ20代で迎えられるのにまた同じ非保持の弱者サッカーでW杯迎えるのはやめて欲しいし、選手が世界に追いついてもずっと変わらんぞ。,a10051yt,宇佐美,0,0,0
2022-12-04 19:03:41+09:00,1599343676349886467,https://x.com/yukkuriseijich/status/1599343676349886467,VAR導入について、個人的には反対な部分もあるんだが、既に導入されていてちゃんとデータが出ている判定に対して「これはおかしい」って言う奴ら、反知性主義的すぎないか。 三苫のボールは出てないってデータも出されているわけで、それに文句たらたら言ってる外国人頭悪いわ。,yukkuriseijich,ウハ＠ゆっくり政治チャンネル,16,35,329
2022-12-04 19:12:08+09:00,1599345802815901697,https://x.com/0303Yz/status/1599345802815901697,三苫神 #SPOTVNOW,0303Yz,不二咲ゆずゆ,0,0,0
2022-12-04 19:19:54+09:00,1599347759097991168,https://x.com/Plug_in_Hybrid/status/1599347759097991168,三苫みたいだ,Plug_in_Hybrid,1173bB@Plug（ぷ～）さん,0,0,1
2022-12-04 20:03:06+09:00,1599358630851383297,https://x.com/igarashitatsuo/status/1599358630851383297,今日は並木FCの保護者当番でグラウンドへ。スペイン戦の三苫クロスを解説する萩原先生。  久しぶりにボール蹴りたくなってきた,igarashitatsuo,五十嵐 立青｜つくば市長,2,5,75
2022-12-04 20:33:13+09:00,1599366206469046272,https://x.com/troutman_antler/status/1599366206469046272,ドイツに勝ったこと、 スペインに勝ったこと・・・ 全て過去のことです  クロアチアは試合巧者で 既に日本戦の対策を 立ててるはずです  三苫封じ、堂安封じもしてくる でしょう  ここで裏をかいて 上田、柴崎を攻撃の軸で考え、 相手の術中にはまらないように 戦いましょう,troutman_antler,鹿 鱒男,0,0,4
2022-12-04 20:50:38+09:00,1599370590770860033,https://x.com/FinalGathering/status/1599370590770860033,タッチライに1㍉しか残ってなかったくらい奇跡的に精緻だった 三苫選手のボールコントロール…  x.com/BD3misa/status …,FinalGathering,FinalGathering™,1,0,4
2022-12-04 21:19:25+09:00,1599377834111565824,https://x.com/mayomayo365/status/1599377834111565824,三苫選手の大活躍によって日本に3200人ほどいるらしい三苫さんは「みとまです。みとまと読みます」から解放されるんだろなあ,mayomayo365,まよまよ+,0,0,0
2022-12-04 21:28:32+09:00,1599380129322762241,https://x.com/nom_3tto/status/1599380129322762241,今日の髙相選手は、  権田(レシーブ)でもあり、 三苫(ジョーカー)でもあり、 堂安(得点)でもあり、 そして長友(ブラボー)でもあった  #髙相みな実 選手 #PFUブルーキャッツ,nom_3tto,3TTO,0,1,11
2022-12-04 21:39:38+09:00,1599382924159516672,https://x.com/chii_oooo/status/1599382924159516672,松重さんの隣りの子だった人か… って、三苫さんだけ把握してたら 多分1番活躍してるのでは。 カッコエエ #ニワカ  拾い画像。 勝村さん預言者だった(vsドイツ前の記事だと思う)  勝村さん…先を見る目は佐々木蔵之介とともにあると(わかる人だけ判っ…)預言者だったのか。納得した(´・д・),chii_oooo,チイ,1,0,4
2022-12-04 22:09:00+09:00,1599390310966374402,https://x.com/yebisu_math/status/1599390310966374402,三苫選手がスペイン戦で残したサッカーボールの体積は、ボールの0.02%(1.2cm³),yebisu_math,ゑびす,1,14,79
2022-12-04 22:11:23+09:00,1599390914279264256,https://x.com/shoheik/status/1599390914279264256,三苫選手はギリギリの球を出さないように脚を出してて「道徳的にアウト」はただの難癖だけど、これは「道徳的にアウト」と言いたくなってしまいますw  t.co/1mHJ85gcRU,shoheik,ショウペイ★わん（ズンドコスケスケ入門者）,1,6,31
2022-12-04 22:17:44+09:00,1599392510031572992,https://x.com/grandberrylove/status/1599392510031572992,鷺沼が、有名になりましたねぇ  田中さん、三苫さん、権田さん…… あと、板倉さん……    あれ、たしか鷺沼小学校て、 電車から見えるよね   #田園都市線 ユーザー,grandberrylove,えむlog,0,1,4
2022-12-04 22:33:09+09:00,1599396390429687812,https://x.com/unknown_xyz/status/1599396390429687812,三苫さん株爆上げは120％支持。だが1点ビハインドの嫌なムードを変えた同点弾を2試合も決めた堂安 律さんがもっともっと！賞賛されても良いと思うんだよ あの状況で確実に得点を決めるって...ｽｺﾞｲじゃん。今までの日本はそれが出来なかったじゃん？ 何だか... 歴史が変わる予感,unknown_xyz,DARKSIDE-METAL@BABYMETAL'24/5/25-26：FOX_FEST【完】,0,0,1
2022-12-04 22:54:40+09:00,1599401803627782145,https://x.com/offnenko/status/1599401803627782145,三苫の影響か、今日のフットサルは皆さん出てないアピールが激しかった,offnenko,ネンコ,1,0,3
2022-12-04 23:11:29+09:00,1599406039140818945,https://x.com/katsu2anera/status/1599406039140818945,川崎フロンターレって考えてみたらすごいですよね  今の日本代表のうち川崎フロンターレだった人間もあわせたらすごい数ですよね。 三苫、田中、山根、守田、谷口、 久保だって川崎フロンターレの下部組織にいましたもんね。,katsu2anera,ka2,0,0,29
2022-12-04 23:29:19+09:00,1599410527083859968,https://x.com/zenzail/status/1599410527083859968,後鳥羽上皇様が World Cupの番組に・・・(^-^;  日本チームは全員株を上げたけど 特に三苫選手、堂安選手、権田選手は爆上げ！ #ワールドカップ,zenzail,kako,0,0,0
2022-12-04 23:42:43+09:00,1599413899044212736,https://x.com/DestroyerKeyaki/status/1599413899044212736,このシーン、ライン割ってない事ばかり語られてるけど、何度見ても全速力で飛び込んでる三苫くんがどうやってあんなふわりとした折り返しを蹴ってるのかわからん。。ポストに近いあの位置からマイナスで戻すだけでも神業やのにあの柔らかい球筋で。。(;´Д｀) これを狙って出来たのならバケモンやわ。,DestroyerKeyaki,でぃぶ＠盆活モドキ3年目＋スバリスト,0,0,4
2022-12-04 23:53:20+09:00,1599416568458678272,https://x.com/kz0217/status/1599416568458678272,"三苫が履いてるシューズがPUMAで、例のVAR画像のおかけで問い合わせ殺到らしい。その市販モデルが23,100円だそう。高ぇとか言ってる人がいるけど、ランニングシューズもASICSのランステに並んでるやや良さげのはそのぐらいなのでさほど高くもない。ワシは要らんけどｗ（ワシのはイオンで2,800円",kz0217,こばんざめ,0,0,2
2022-12-04 23:57:23+09:00,1599417586588200961,https://x.com/asparagine_/status/1599417586588200961,倒せない替え歌シリーズ  久しぶりの投下です  話題のサッカーワールドカップ、ドイツ戦、スペイン戦の替え歌を作りました  次のクロアチア戦もきっと勝ってくれるでしょう  #サッカーW杯  #日本代表  #ドーハの１ミリ #三苫  #本田解説 #VAR擁護派  youtu.be/TlNt6eRdNpk,asparagine_,超高音ボーカル@あすぱらぎん,1,0,8
