timestamp,tweet_id,url,content,user_id,user_name,reply_count,retweet_count,like_count,stance_label,stance_against,stance_favor,stance_neutral
2023-05-03 09:31:06+09:00,1653557759780986881,https://x.com/meikyo_sis/status/1653557759780986881,みそきんに恋してる女の子 「みーそきん♡」,meikyo_sis,家族,0.0,0.0,4.0,NEUTRAL,0.34027806,0.28540426,0.37431768
2023-05-03 09:33:30+09:00,1653558365874974724,https://x.com/news_item/status/1653558365874974724,みそきん,news_item,キスをしてるイルカ,0.0,0.0,3.0,AGAINST,0.3625069,0.3253933,0.31209984
2023-05-03 10:18:36+09:00,1653569712914329602,https://x.com/piodonomukou/status/1653569712914329602,みそきん、レビューします,piodonomukou,ピリオドの向こう側,0.0,0.0,4.0,NEUTRAL,0.29307863,0.33570763,0.37121382
2023-05-03 10:22:18+09:00,1653570643986874368,https://x.com/hikakin432110/status/1653570643986874368,みそきんティシャツ届いたー！！ 可愛い,hikakin432110,まりちゃんりゅー,0.0,0.0,8.0,NEUTRAL,0.33160725,0.2644073,0.40398544
2023-05-03 10:56:53+09:00,1653579348245614597,https://x.com/mira_uozu/status/1653579348245614597,明日5/4(木) 川東おやきさんのモチモチ米粉おやき販売 今回は新作「あまおういちごあん」登場 富山県産の米粉生地に富山県産食材をたっぷり詰め込んだ食べ応え抜群おやき！ あまおういちご 抹茶あん 味噌なす きんぴらごぼう 肉みそ きのこと野菜 つぶあん ご来店お待ちしております,mira_uozu,ミラマルシェ,0.0,1.0,21.0,FAVOR,0.28376383,0.39278662,0.32344958
2023-05-03 12:29:15+09:00,1653602592730284032,https://x.com/bibisaikou/status/1653602592730284032,みそきん,bibisaikou,とも@PT国試受験生,0.0,0.0,0.0,AGAINST,0.3625069,0.3253933,0.31209984
2023-05-03 12:43:44+09:00,1653606238763249664,https://x.com/kfrknene/status/1653606238763249664,みそきん,kfrknene,ささきの0.1,0.0,0.0,1.0,AGAINST,0.3625069,0.3253933,0.31209984
2023-05-03 12:45:17+09:00,1653606630771294208,https://x.com/boc_jda_nicole/status/1653606630771294208,みそきんTシャツが届いてさっそく着替えた娘  ,,,,,,NEUTRAL,0.28773126,0.19368094,0.5185878
2023-05-03 13:03:02+09:00,1653611096069259264,https://x.com/ikenosabunosabu/status/1653611096069259264,普通にみそきん食べてみたい,ikenosabunosabu,いけ,0.0,0.0,1.0,AGAINST,0.40010527,0.21781474,0.38208002
2023-05-03 13:09:37+09:00,1653612752047570944,https://x.com/tgyanyantuba59/status/1653612752047570944,2代目麺処くるり 味玉みそらぁめん鶏チャーシュー炙りチーズトッピング  やはりHIKAKINの愛した味、4年振りに来れたけど美味し過ぎた。  あと店内のサイン見たら今年の3/3にもHIKAKIN再訪してたっぽい。さすがみそきん  全てが美味し過ぎて余裕の完飲&完食でした,tgyanyantuba59,コズミックどろ『やん』ごツアー( 𓌉 ´꒳` 𓌉)〜カムバック現世〜,0.0,0.0,2.0,FAVOR,0.2600584,0.42552075,0.31442085
2023-05-03 13:19:33+09:00,1653615252762923008,https://x.com/naoookii49arai/status/1653615252762923008,来週はHIKAKINさんのカップ麺がコンビニ限定品で発売されるから楽しみ  みそきんと合わせて味噌味のヌードル,naoookii49arai,ナオキ,0.0,1.0,6.0,AGAINST,0.36331224,0.29171818,0.34496957
2023-05-03 13:20:47+09:00,1653615562038321152,https://x.com/Quiz_NOrate/status/1653615562038321152,「みそきん」に対抗して「のれきん」でも出すか,Quiz_NOrate,NQrate(のれーと),0.0,0.0,0.0,NEUTRAL,0.37800428,0.22110581,0.40088987
2023-05-03 13:38:49+09:00,1653620100271083520,https://x.com/My_Sniper/status/1653620100271083520,ラーメン断ちをしているけどヒカキンの「みそきん」は絶対に食べようと早稲田大学の中で強く思いました,My_Sniper,俺スナ,0.0,0.0,7.0,NEUTRAL,0.3100396,0.32348645,0.3664739
2023-05-03 13:46:00+09:00,1653621907235954689,https://x.com/Ny4m4id/status/1653621907235954689,もういい 来週みそきんとティアキン買って遊ぶから もう知らない なんで愛がある人のところに平等に白朮が来ないんだ,Ny4m4id,にゃーさん♫,0.0,0.0,0.0,AGAINST,0.431671,0.18826964,0.3800594
2023-05-03 13:56:51+09:00,1653624640106041345,https://x.com/misakinyt/status/1653624640106041345,昨日無事に招き猫キンTシャツ届きました  ぴったりSサイズとXLをワンピみたいに着ようと思ってサイズ違いで2枚買った！  みさきんはこの夏、みそきんTシャツを着て八戸を歩く。  ステッカーも大切にします はやく食べたい！みそきんんん  ,,,,,,NEUTRAL,0.23352265,0.35696536,0.40951195
2023-05-03 14:15:06+09:00,1653629230318768129,https://x.com/AMATOURIN/status/1653629230318768129,みそきんの話題でウケてるし そのうちとんこつきんとか出ないかな,AMATOURIN,甘党りん@喘息療養中,0.0,0.0,10.0,NEUTRAL,0.35605344,0.20317852,0.44076797
2023-05-03 14:27:14+09:00,1653632283667222528,https://x.com/ARATE_NAKAMA/status/1653632283667222528,みそきんってカップラーメンかｗ,ARATE_NAKAMA,秋月かつき,0.0,0.0,3.0,NEUTRAL,0.357669,0.27895975,0.36337128
2023-05-03 14:28:53+09:00,1653632702455898113,https://x.com/tystys1111/status/1653632702455898113,みそきんっていつ発売なんやっけ？,tystys1111,TYS,1.0,0.0,3.0,NEUTRAL,0.34977376,0.26734036,0.3828859
2023-05-03 14:29:29+09:00,1653632851466932226,https://x.com/imymeMyna/status/1653632851466932226,純粋にみそきん楽しみなんじゃが,imymeMyna,Myna,0.0,0.0,2.0,NEUTRAL,0.29922116,0.17349245,0.52728635
2023-05-03 14:35:43+09:00,1653634419041918978,https://x.com/yumosan_yumo/status/1653634419041918978,みそきんたのしみ,yumosan_yumo,,0.0,0.0,0.0,AGAINST,0.39953753,0.24595119,0.35451126
2023-05-03 15:23:09+09:00,1653646358069542913,https://x.com/misoodenx/status/1653646358069542913,みそきん買ってみたいんだけど近所のスーパー売ってない。コンビニなら売ってるのか？喉痛い時に喉痛める食べ物食べて後悔するまでワンセットやねん。,misoodenx,みそおでん@肉,1.0,0.0,0.0,NEUTRAL,0.21580972,0.18894647,0.59524375
2023-05-03 15:27:21+09:00,1653647413020872705,https://x.com/zawafree/status/1653647413020872705,みそきんって名前良くないよね…。スズ菌みたいでｗ,zawafree,ざわ…＠万年TL48,0.0,0.0,0.0,NEUTRAL,0.24865256,0.21779981,0.53354764
2023-05-03 15:35:55+09:00,1653649571531325440,https://x.com/afci_7121/status/1653649571531325440,みそきんのネガキャン見すぎて逆に食べたくなった。 みそきんのネガキャンやってる奴はヒカキンに踊らされていることに 気づけ,afci_7121,フォロイさん,0.0,0.0,0.0,NEUTRAL,0.25761896,0.25185698,0.49052405
2023-05-03 15:40:27+09:00,1653650710972735489,https://x.com/ebi_lesson/status/1653650710972735489,みそきん,ebi_lesson,えび,0.0,0.0,5.0,AGAINST,0.3625069,0.3253933,0.31209984
2023-05-03 16:43:14+09:00,1653666509821214720,https://x.com/Nocturne__No9/status/1653666509821214720,みそきんをみてから無性に味噌ラーメンが食べたかった,Nocturne__No9,志上ハジメ(しのがみ はじめ)@口裂け男,0.0,0.0,9.0,AGAINST,0.3697153,0.29111272,0.33917198
2023-05-03 17:29:33+09:00,1653678168983887873,https://x.com/uuuuhkm/status/1653678168983887873,みそきんTシャツ届いたヒカキンさんのように体型ふっくら加速してきてサイズLと悩んだけどMでジャストサイズで良かった！みそきんラーメン発売楽しみ,uuuuhkm,りʕ•ٹ•ʔ,0.0,0.0,2.0,NEUTRAL,0.30588797,0.24403626,0.4500758
2023-05-03 17:37:19+09:00,1653680119628832770,https://x.com/asyochi/status/1653680119628832770,うたた寝。夢の中でHIKAKINさんに「みそきん」すすめられてた。,asyochi,ひろさん,0.0,0.0,0.0,NEUTRAL,0.22629271,0.19927472,0.5744325
2023-05-03 17:47:28+09:00,1653682674752688133,https://x.com/m_ika28/status/1653682674752688133,みそきん食ってみたい,m_ika28,まめ,0.0,0.0,0.0,AGAINST,0.4043405,0.27065256,0.32500696
2023-05-03 17:51:05+09:00,1653683586980282370,https://x.com/setuna240071/status/1653683586980282370,みそきん食べてみたいい(  ` -´ )b,setuna240071,罹桜 【荒野等ゲーム実況者】,0.0,0.0,0.0,NEUTRAL,0.3603035,0.2562978,0.38339874
2023-05-03 18:31:23+09:00,1653693725732900864,https://x.com/Ny4m4id/status/1653693725732900864,白朮のためにちょっと予算減らしちゃったせいで来週みそきん買えないかもしれない,Ny4m4id,にゃーさん♫,0.0,0.0,0.0,AGAINST,0.41040292,0.23259424,0.3570028
2023-05-03 18:32:03+09:00,1653693897305128962,https://x.com/y0c9LFGzLJYvioy/status/1653693897305128962,みそきんガチで食べたいな,y0c9LFGzLJYvioy,小判@一口馬主,0.0,0.0,0.0,AGAINST,0.36334485,0.2743812,0.36227396
2023-05-03 18:33:59+09:00,1653694382518996994,https://x.com/minicoolkohe/status/1653694382518996994,おいっ！ヒカキン！  youtu.be/JNfOrE3weRA  @YouTube より  UUUM全体にクソデカみそきんセットが送られている。さすがボス。,minicoolkohe,私はこーへ,1.0,0.0,1.0,NEUTRAL,0.25253454,0.23692368,0.5105418
2023-05-03 18:36:10+09:00,1653694933512114176,https://x.com/nerin_k/status/1653694933512114176,みそきん食べたいᐠ(  ᐢ ᵕ ᐢ )ᐟ,nerin_k,北信太音鈴 –3Dになりました-,3.0,0.0,10.0,AGAINST,0.36456144,0.32229993,0.31313872
2023-05-03 19:18:21+09:00,1653705548142108673,https://x.com/ideesuicidaire/status/1653705548142108673,ヒカキンの味噌ラーメン「みそきん」が連休明けに出るけど、みそきんで検索したら那須の和菓子屋さんが作って皇室とかにも出してるらしい（那須御用邸御用命って書いてあった）味噌風味のきんつばが出てきた,ideesuicidaire,"«T'inquiète, dit Spinoza»",0.0,0.0,0.0,NEUTRAL,0.3184323,0.28525466,0.396313
2023-05-03 19:41:49+09:00,1653711454678446080,https://x.com/Kizutukazu/status/1653711454678446080,みそきん普通に楽しみ,Kizutukazu,超きゅうり,0.0,0.0,1.0,NEUTRAL,0.30241922,0.2286723,0.4689085
2023-05-03 19:41:57+09:00,1653711488107028480,https://x.com/mofu_hise24/status/1653711488107028480,ほげお 「みそきん」バージョン,mofu_hise24,もふ,6.0,1.0,23.0,NEUTRAL,0.3550581,0.27272174,0.37222016
2023-05-03 19:44:12+09:00,1653712053692137472,https://x.com/sawara_udon/status/1653712053692137472,みそきんが「みそ+きん」ならば、これがシリーズ化したときに豚骨ラーメンの「とんきん」やパイタンラーメンの「ぱいきん」も現れるのかな,sawara_udon,まちカド浮浪者,1.0,0.0,3.0,NEUTRAL,0.30185348,0.1770601,0.52108645
2023-05-03 19:45:59+09:00,1653712501228601344,https://x.com/Y1142D/status/1653712501228601344,味噌ラーメンがみそきんなら醤油ラーメンは賞金だし味玉ラーメンはたまきん,Y1142D,C107 2日目(水)西2き16a／,0.0,0.0,2.0,NEUTRAL,0.32210767,0.2706534,0.4072389
2023-05-03 19:47:28+09:00,1653712876295835648,https://x.com/ryoiLLDEMlover/status/1653712876295835648,みそきん食べたい,ryoiLLDEMlover,ryo,1.0,0.0,4.0,AGAINST,0.3613474,0.29279736,0.3458552
2023-05-03 20:10:51+09:00,1653718761281839104,https://x.com/asatchi514/status/1653718761281839104,たくさんのYouTuberさん達の所に、ヒカキンさんのみそきんが届いていて、嬉しいねみそきん発売が楽しみだぁー,asatchi514,あさっちー,0.0,0.0,3.0,NEUTRAL,0.23740996,0.34191462,0.42067543
2023-05-03 20:27:56+09:00,1653723058463723521,https://x.com/maguro29/status/1653723058463723521,みそきん！！！！,maguro29,まぐにぃ is homeクラ＝実家,23.0,84.0,0.0,NEUTRAL,0.3383861,0.31393975,0.34767413
2023-05-03 20:30:27+09:00,1653723691610677249,https://x.com/cpbo_/status/1653723691610677249,みそきん食べたい！,cpbo_,山田,0.0,0.0,4.0,AGAINST,0.345328,0.3395048,0.3151672
2023-05-03 20:31:03+09:00,1653723843910078464,https://x.com/asatomo14/status/1653723843910078464,ヒカキンからみそきんもらったぞー！！！  youtu.be/dYG4fT2mxdw  @YouTube より,asatomo14,あさたん⋆︎*,0.0,2.0,8.0,NEUTRAL,0.2452172,0.33731672,0.417466
2023-05-03 20:33:42+09:00,1653724507843235840,https://x.com/_takarachan/status/1653724507843235840,帰省しても家でみそきんの話してる,_takarachan,宝良ちゃん,0.0,0.0,0.0,NEUTRAL,0.2986833,0.23949121,0.46182552
2023-05-03 20:49:38+09:00,1653728521586642949,https://x.com/ren_kanto/status/1653728521586642949,みそきん食べてみたい,ren_kanto,れん,0.0,0.0,1.0,AGAINST,0.3937489,0.26665854,0.33959255
2023-05-03 20:51:09+09:00,1653728902043557888,https://x.com/breezy_yukkin/status/1653728902043557888,みそきん、絶対初日買えへんやろな・・,breezy_yukkin,ゆっきん＠ダイエット,0.0,0.0,0.0,NEUTRAL,0.32096282,0.21392116,0.46511605
2023-05-03 20:53:34+09:00,1653729510054035456,https://x.com/miyamoto_michan/status/1653729510054035456,みそきんっていつから発売だっけ？,miyamoto_michan,宮本マイケル（無職）　宮本工房,1.0,0.0,3.0,NEUTRAL,0.3396623,0.2666741,0.39366356
2023-05-03 20:58:07+09:00,1653730653236768768,https://x.com/ebi_lesson/status/1653730653236768768,ドデカみそきんなんなの…,ebi_lesson,えび,0.0,0.0,3.0,NEUTRAL,0.36012328,0.25520054,0.38467613
2023-05-03 21:02:25+09:00,1653731736440934401,https://x.com/zibamons1/status/1653731736440934401,みそきん/300円,zibamons1,だんじ,0.0,1.0,1.0,AGAINST,0.4029561,0.28839552,0.3086484
2023-05-03 21:10:58+09:00,1653733889515597824,https://x.com/Yodommm_/status/1653733889515597824,白味噌とにんにくってことは、食堂ミサみたいな感じなのかな。みそきん。,Yodommm_,よどむ,0.0,0.0,0.0,NEUTRAL,0.23780479,0.25308222,0.509113
2023-05-03 21:15:17+09:00,1653734974980333568,https://x.com/kitaan_geki/status/1653734974980333568,なんかみそきんブームきてるから 10いいねついたら金曜の夜みそきんで致す,kitaan_geki,きたちゃそ,2.0,0.0,7.0,NEUTRAL,0.31797272,0.26308674,0.41894057
2023-05-03 21:16:49+09:00,1653735362492252162,https://x.com/hikasei_kuriko/status/1653735362492252162,むおお！（早速w） 今更気づいた… いつ変わったんだろ  みそきんTVっ everyday,hikasei_kuriko,くりこ,5.0,0.0,26.0,NEUTRAL,0.32711747,0.2672508,0.40563178
2023-05-03 21:19:38+09:00,1653736071082176515,https://x.com/GehirunDD/status/1653736071082176515,げいげきせんってむずかしくないですか？ ぼくはそうおもいます。 すこあとれるひとすごくないですか？ ぼくもそうおもいます。 のうみそきんにくのげひるんさんにはきびしくないですか？ まんじょういっちでそうおもいます。,GehirunDD,げひるん,1.0,0.0,14.0,NEUTRAL,0.20106083,0.19668444,0.60225475
2023-05-03 21:25:33+09:00,1653737559355441155,https://x.com/barow_5/status/1653737559355441155,みそきんまじで食べてぇ,barow_5,ばろう,0.0,0.0,2.0,NEUTRAL,0.34207273,0.27483386,0.38309345
2023-05-03 21:28:12+09:00,1653738226493038592,https://x.com/6kk1y/status/1653738226493038592,毎日みそきん食ってる。,6kk1y,青ちゃん,0.0,0.0,13.0,NEUTRAL,0.2135613,0.22797506,0.55846363
2023-05-03 22:02:28+09:00,1653746847641632768,https://x.com/yktn_szks/status/1653746847641632768,みそきん発売日に買うcar,yktn_szks,よこてん,0.0,0.0,0.0,NEUTRAL,0.28100505,0.32946464,0.3895303
2023-05-03 22:10:46+09:00,1653748939412365312,https://x.com/Aqulyz_X/status/1653748939412365312,みそきん  t.co/BwoRXmO2Ky,Aqulyz_X,あくあまん〝M堂〟,0.0,0.0,4.0,NEUTRAL,0.30044028,0.29346195,0.4060978
2023-05-03 22:51:28+09:00,1653759178446630912,https://x.com/ScarletFarron/status/1653759178446630912,みそきんのラーメンどんなだろ〜って観ようとしたら、YouTubeのショートがバグって、ヒカキンが車にミニガン連射してる動画になった,ScarletFarron,Scarlett FarronIxion,0.0,0.0,1.0,AGAINST,0.38098353,0.2921469,0.32686964
2023-05-03 23:01:15+09:00,1653761640779907072,https://x.com/yuuchw/status/1653761640779907072,俺が世界で一番みそきんのこと楽しみにしてる,yuuchw,ゆうちょ,0.0,0.0,1.0,NEUTRAL,0.3536401,0.25779343,0.38856646
2023-05-03 23:06:34+09:00,1653762979442364416,https://x.com/yuuchw/status/1653762979442364416,３食みそきん生活,yuuchw,ゆうちょ,0.0,0.0,0.0,AGAINST,0.4306358,0.28755066,0.2818136
2023-05-03 23:30:06+09:00,1653768902080602112,https://x.com/sex_1220_sex/status/1653768902080602112,セイキン、みそきんのレビューでボロカス言ってくれないかな,sex_1220_sex,みそらﾁｬﾝ,0.0,0.0,1.0,NEUTRAL,0.34105816,0.25960624,0.39933556
2023-05-04 00:01:09+09:00,1653776717155291136,https://x.com/GJRB_5/status/1653776717155291136,SNSで、おすすめにみそきんがたくさん出てくるせいでめちゃくちゃみそきん食べたくなった,GJRB_5,なんとかぜい,0.0,0.0,1.0,NEUTRAL,0.29610384,0.2966973,0.4071989
2023-05-04 00:10:05+09:00,1653778965004455937,https://x.com/Bluesatellite1/status/1653778965004455937,|*´-`).｡o0(ひょっとしてみそきん…??)       @kantamizutamari    ,Bluesatellite1,Satellite,0.0,1.0,2.0,NEUTRAL,0.2796783,0.32992247,0.39039925
2023-05-04 00:10:57+09:00,1653779182378430464,https://x.com/torimati/status/1653779182378430464,みそきん食べたい,torimati,とりとり間違えびと,1.0,0.0,1.0,AGAINST,0.3613474,0.29279736,0.3458552
2023-05-04 00:12:06+09:00,1653779470971719680,https://x.com/oomori23/status/1653779470971719680,みそきんときましたか。いいですね,oomori23,oomori23,0.0,0.0,0.0,NEUTRAL,0.2616817,0.3096199,0.42869833
2023-05-04 00:17:14+09:00,1653780764448931841,https://x.com/bluesky198730/status/1653780764448931841,ヒカキンからみそきんもらったぞー！！！  youtu.be/dYG4fT2mxdw  @YouTube より,bluesky198730,モグモグ,0.0,0.0,6.0,NEUTRAL,0.2452172,0.33731672,0.417466
2023-05-04 00:26:26+09:00,1653783080430362624,https://x.com/haruki_inomata/status/1653783080430362624,ヒカキンとラーメンが大好きなColapsには、是非みそきんを食べてほしい。フランスに送り届けてあげたいよ。,haruki_inomata,いのまたはるき,0.0,0.0,8.0,NEUTRAL,0.21827443,0.29715368,0.48457193
2023-05-04 00:38:41+09:00,1653786161314418688,https://x.com/usami_itigo/status/1653786161314418688,家から1ミリも出る気なかったけどみそきんの動画見てたらラーメン食べたくなったのでラーメン行きます,usami_itigo,くれは(ファイナル),0.0,0.0,8.0,NEUTRAL,0.27378047,0.2604857,0.46573386
2023-05-04 01:24:19+09:00,1653797646165848084,https://x.com/monkiidansu_bbx/status/1653797646165848084,みそきん来日したら絶対食べる。 売り切れてませんように。,monkiidansu_bbx,Kiki Katahira,0.0,0.0,24.0,NEUTRAL,0.19631778,0.24728689,0.5563953
2023-05-04 01:49:48+09:00,1653804059256815618,https://x.com/yayu_chino124/status/1653804059256815618,あーみそきん食いたくなってきた,yayu_chino124,見る専,0.0,0.0,1.0,NEUTRAL,0.331942,0.30407667,0.3639813
2023-05-04 02:49:11+09:00,1653819004811894784,https://x.com/chizuba_MK/status/1653819004811894784,みそきんはよ販売開始しろや,chizuba_MK,ちずば,0.0,0.0,8.0,AGAINST,0.3623806,0.2910046,0.34661484
2023-05-04 03:32:42+09:00,1653829952683507712,https://x.com/abura_sausage/status/1653829952683507712,みそきんで〜す♪みそきんお願いしま〜す♪,abura_sausage,工□動画閲覧用アカウント,2.0,406.0,0.0,AGAINST,0.34988618,0.31174755,0.33836627
2023-05-04 04:16:22+09:00,1653840942481432576,https://x.com/Newurufu36/status/1653840942481432576,てか欲しいものなんて桃子激エロイラスト以外なかったわ  強いて言うならみそきんのカップ麺 24個入り,Newurufu36,う͓̽る͓̽ふ͓̽ぇ͓̽る͓̽,0.0,0.0,0.0,NEUTRAL,0.34760422,0.26034725,0.39204857
2023-05-04 04:17:18+09:00,1653841178016747521,https://x.com/Newurufu36/status/1653841178016747521,早くみそきん食いたいのにまだ発売日じゃないからカップヌードルのみそ味買いそうになる,Newurufu36,う͓̽る͓̽ふ͓̽ぇ͓̽る͓̽,0.0,0.0,1.0,AGAINST,0.4255655,0.20771587,0.36671865
2023-05-04 05:29:47+09:00,1653859419984367616,https://x.com/amatousugar13/status/1653859419984367616,みそきん 買わなきゃ！忘れてた,amatousugar13,メイドのシュガー,0.0,0.0,1.0,NEUTRAL,0.33301476,0.24826382,0.4187214
2023-05-04 06:24:45+09:00,1653873251096088580,https://x.com/kazu6672255/status/1653873251096088580,みそきん食べてみてぇ,kazu6672255,ₖₐ𝓏ᵤₘₐ,0.0,0.0,3.0,AGAINST,0.3528374,0.33591136,0.31125116
2023-05-04 07:51:25+09:00,1653895061825032193,https://x.com/Nankochan1212/status/1653895061825032193,宮本さんもみそきん貰ってて安心した,Nankochan1212,なんこ,0.0,1.0,5.0,NEUTRAL,0.27265558,0.2788652,0.4484793
2023-05-04 08:06:01+09:00,1653898738153435136,https://x.com/niconicovert/status/1653898738153435136,みそきんがうまい夢見た,niconicovert,covert,0.0,0.0,3.0,FAVOR,0.31104362,0.36201116,0.32694525
2023-05-07 13:31:01+09:00,1655067687482171394,https://x.com/mizu_teiramisu/status/1655067687482171394,水溜りボンドはみそきんメシ派か〜麺の方しか買わないつもりだったけど、そう言われると食べたくなってしまう,mizu_teiramisu,てぃらみす,0.0,0.0,0.0,NEUTRAL,0.35925537,0.24441484,0.39632985
2023-05-07 18:55:07+09:00,1655149249892610048,https://x.com/Q_Kyu_Q/status/1655149249892610048,みそきん画像の見すぎでお腹空き空きゴールデンウィークやった 早く売ってくれー,Q_Kyu_Q,きゅう,0.0,0.0,1.0,AGAINST,0.3996928,0.23064673,0.3696605
2023-05-07 19:30:29+09:00,1655158153770864641,https://x.com/pawa_pawaa/status/1655158153770864641,【かなり金を積まれた場合】  死ね、バカ。そういう奴らが大嫌いなんだよ。  ちゃんと食べるから偉いという考えがダメなんだよ。  みそきんは美味しいから食べるの。  新発売　みそきん,pawa_pawaa,パワー,1.0,101.0,955.0,AGAINST,0.3498394,0.30353618,0.34662443
2023-05-07 19:42:27+09:00,1655161165834760192,https://x.com/orii97919/status/1655161165834760192,味覚ないからみそきんの味わからんて みそきん食いたいのに,orii97919,折居,2.0,0.0,4.0,NEUTRAL,0.38861343,0.20219421,0.40919235
2023-05-07 19:54:15+09:00,1655164133262897154,https://x.com/wataame_AP/status/1655164133262897154,検索履歴 神威 フリック 取り方 神威 餡蜜 おすすめ CHUNITHM 筐体 反応しない CHUNITHM 鍵盤 色が違う 神威 定数 単曲レート 計算 くずかご コツ 神威 許容 みそきん 値段 拓也 ジェッカス 八ヶ岳 1泊2日 腕 筋トレ おすすめ,wataame_AP,わたあめ。,0.0,0.0,3.0,FAVOR,0.3150971,0.39204752,0.29285538
2023-05-07 19:58:48+09:00,1655165277859094528,https://x.com/NeNe_Stamp/status/1655165277859094528,みそきん食べてるのあちゃん描こう,NeNe_Stamp,neneco,0.0,0.0,12.0,AGAINST,0.3628804,0.2774127,0.3597069
2023-05-07 20:05:49+09:00,1655167045951160321,https://x.com/gu_migumigumi/status/1655167045951160321,カンタくんは映像で、トミーさんは食レポで、お互いの得意分野でみそきんを紹介してるのがまたいいね,gu_migumigumi,まな,0.0,0.0,20.0,FAVOR,0.2699149,0.3717565,0.35832855
2023-05-07 20:32:28+09:00,1655173750340612098,https://x.com/te1111ur/status/1655173750340612098,元気になったらみそきん食べたい,te1111ur,te,0.0,0.0,3.0,AGAINST,0.3567088,0.30663204,0.33665916
2023-05-07 20:49:25+09:00,1655178017763889153,https://x.com/Bayaipop/status/1655178017763889153,日清カップヌードルの味噌食べたけど普通に旨かった(笑)はじめて食べたけどありだった(笑)ヒカキンのみそきんも日清だけど気になるな(笑) ,,,0.0,0.0,0.0,NEUTRAL,0.31933782,0.32147413,0.35918802
2023-05-07 21:00:47+09:00,1655180878002409473,https://x.com/_mina_mi/status/1655180878002409473,狂人なので近所のセブンに電話してみそきんの飯とラーメン2個ずつ取り置きお願いした。,_mina_mi,ᴉɯɐuᴉɯ,0.0,0.0,1.0,NEUTRAL,0.2294324,0.24911055,0.521457
2023-05-07 21:26:40+09:00,1655187390938611712,https://x.com/katsuiko1126/status/1655187390938611712,久々にろふリアタイ、みそきん発売楽しみ！ さらっとラーメンとごはん交換っこしてもぐもぐするお二人が大変愛おしゅうございますはははぁ,katsuiko1126,柾木 楓（Masaki Kaede）,0.0,0.0,14.0,NEUTRAL,0.26542056,0.26913187,0.46544763
2023-05-07 21:45:29+09:00,1655192124596563969,https://x.com/21glll/status/1655192124596563969,みそきんの発売待ちきれない,21glll,本物の恐竜,0.0,0.0,25.0,AGAINST,0.36982533,0.26380232,0.3663724
2023-05-07 21:47:02+09:00,1655192517774831616,https://x.com/21glll/status/1655192517774831616,みそきんを高々と掲げる自分の姿が目に浮かぶ,21glll,本物の恐竜,0.0,1.0,27.0,NEUTRAL,0.33882445,0.24527876,0.41589677
2023-05-07 21:48:33+09:00,1655192896986054657,https://x.com/bucho_5c/status/1655192896986054657,みそきんが不味かったら、 大物YouTuberたちはレビュー動画でトロッコ問題を迫られることになるな,bucho_5c,部長の謝罪,0.0,0.0,1.0,NEUTRAL,0.33629233,0.2829197,0.38078797
2023-05-07 21:49:52+09:00,1655193229900521472,https://x.com/aggcgga/status/1655193229900521472,みそきん雨降ってる,aggcgga,かずき,0.0,0.0,0.0,NEUTRAL,0.33807847,0.2336858,0.42823574
2023-05-07 21:51:15+09:00,1655193575251128322,https://x.com/kazue1225hk/status/1655193575251128322,セブン行ってみそきんの入荷時間聞いてきたよ 9日の夕方17時くらいだって もちろん仕事なので、娘が買いに行ってくれるって言ってくれたから楽しみ 並ぶ場所も見てきた 閉店で仕事終わったら残ってるか分からないけど帰りに私も行ってみる,kazue1225hk,かず江ヒカセイファン,5.0,0.0,19.0,NEUTRAL,0.2875366,0.27085182,0.44161162
2023-05-07 21:58:54+09:00,1655195502101798912,https://x.com/shikiyuzu_1/status/1655195502101798912,"みそきんTシャツ届いたんだよね！！ いつ着よう...汚したくないんだよなぁ...でも着たい...！！職場に着ていこうかな...♪( ◜ω◝و(و ""  #みそきん  #ヒカキンプレミアム  #ヒカキン",shikiyuzu_1,ゆずのひとりごと女王の抱き枕,0.0,0.0,3.0,NEUTRAL,0.31917825,0.20050326,0.48031846
2023-05-07 22:03:07+09:00,1655196565215256577,https://x.com/jijo_doryoku/status/1655196565215256577,半年後くらいに安くなってドンキに積み上げられたみそきんを写真にとってツイートするのはよそうぜ,jijo_doryoku,つるや　みつき,0.0,0.0,5.0,NEUTRAL,0.3336499,0.27209163,0.3942585
2023-05-07 22:05:59+09:00,1655197286522298368,https://x.com/Fukahi_official/status/1655197286522298368,みそきんが生きがい,Fukahi_official,ﾌｶﾋﾚｽｰﾌﾟ,1.0,0.0,2.0,NEUTRAL,0.3397316,0.27679864,0.38346976
2023-05-07 22:22:30+09:00,1655201442351943684,https://x.com/tomo08180602/status/1655201442351943684,みそきん、うちの方は明日の夕方には並ぶみたいでその時間に行かなきゃって母に言ったらその勢い位違うことも頑張ってくれればねとプチイヤミ 母ちゃんごめんやで,tomo08180602,友子ひーさん&マスオさんファン٩꒰ ˘ ³˘꒱۶~♡,2.0,0.0,9.0,NEUTRAL,0.23125534,0.19451372,0.57423097
2023-05-07 22:31:21+09:00,1655203669401563136,https://x.com/_twoyearsold/status/1655203669401563136,【驚愕】みそきん依存症のインドネシアの2歳児…  男児の父親が初めてみそきんを与えたのは男児が1歳半のときだという。現在、1日に啜るみそきんの数は40杯。母親によると、みそきんが切れると男児は壁に頭を打ち付けるが、父親は男児が「健康」だと主張する。,_twoyearsold,新背,0.0,0.0,11.0,NEUTRAL,0.3301036,0.26309937,0.40679696
2023-05-07 22:43:27+09:00,1655206712654327809,https://x.com/wafov_AGLE/status/1655206712654327809,俺は本気でみそきん楽しみにしてるけど,wafov_AGLE,わようかん,0.0,0.0,2.0,NEUTRAL,0.34890404,0.23551984,0.4155761
2023-05-07 22:44:51+09:00,1655207065454006273,https://x.com/SukoinFukui/status/1655207065454006273,やばいみそきん先行プレイしてる方いる,SukoinFukui,里芋の茎の甘酢煮,0.0,0.0,17.0,NEUTRAL,0.30836925,0.2336372,0.45799366
2023-05-07 22:45:49+09:00,1655207311185686528,https://x.com/sue_suuuu/status/1655207311185686528,みそきん早く食べたい,sue_suuuu,すえ,0.0,0.0,8.0,AGAINST,0.38953334,0.25722376,0.35324293
2023-05-07 22:46:37+09:00,1655207509228126208,https://x.com/peopleTsan/status/1655207509228126208,５月9日、コンビニで戦いが始まる。 絶対みそきん手に入れてやる,peopleTsan,片目,1.0,0.0,1.0,NEUTRAL,0.25005838,0.2391525,0.5107891
2023-05-07 22:51:13+09:00,1655208668001103872,https://x.com/teLmE8526/status/1655208668001103872,実はみそきんの発売心待ちにしてる。,teLmE8526,てるみぃ,0.0,0.0,2.0,NEUTRAL,0.2293882,0.23184988,0.5387619
2023-05-07 22:53:42+09:00,1655209295020175362,https://x.com/dragonyamadark/status/1655209295020175362,みそきんは発売前がピークでした。,dragonyamadark,服,0.0,13.0,62.0,NEUTRAL,0.2714508,0.18035951,0.5481897
2023-05-07 22:58:25+09:00,1655210480359870470,https://x.com/makibuman/status/1655210480359870470,？？？みそきんの価格見た、280円位だった。これは高いのか？またリプ見ると美味しくないと書いてる人が居た、販売9日なんだよね？先行販売でもされてたの？俺はみそきん食べてみたい派。  x.com/0721_mania/sta …,makibuman,KADE,1.0,0.0,0.0,NEUTRAL,0.3062017,0.27111238,0.42268592
2023-05-07 22:58:35+09:00,1655210524026744833,https://x.com/am_kprk523/status/1655210524026744833,みそきん美味しそう どっかで売ってたら絶対買うわ,am_kprk523,"A,M",0.0,0.0,3.0,NEUTRAL,0.3449905,0.2382927,0.41671678
2023-05-07 22:58:39+09:00,1655210539113652225,https://x.com/KING_OF_OTOMAD/status/1655210539113652225,みそきんみそきっみそきんみそきんみそきんみそきんsみそ神酒んsもいそきっみそきんみそきんみソキ㎜、ぴそきっみそお民未側近mmm、おそきんみそきｍっみそきんみそくんみおｋｋしおきんみそくみんみそうきんみそくいｍんみどいみそきんみどきんみそきっみどきんみどきんみどきんみどきんどみそきんみ,KING_OF_OTOMAD,おたふ,0.0,0.0,3.0,NEUTRAL,0.24311179,0.19927563,0.55761254
2023-05-07 22:59:53+09:00,1655210847827009538,https://x.com/ARK_X200_Pro/status/1655210847827009538,そういえば明後日からみそきん発売ですね みなさんはみそきん、買いますかー？,ARK_X200_Pro,あーく,3.0,1.0,9.0,NEUTRAL,0.2939014,0.24612412,0.45997438
2023-05-07 23:05:43+09:00,1655212317527937024,https://x.com/panapna8163829/status/1655212317527937024,みそきんみそきんみそきん,panapna8163829,あ,0.0,0.0,1.0,AGAINST,0.40112835,0.27718064,0.32169095
2023-05-07 23:08:54+09:00,1655213118803550208,https://x.com/walking_titech/status/1655213118803550208,みそきんってなんだと思ったらヒカキンのカップ麺か,walking_titech,散歩王K,0.0,0.0,5.0,NEUTRAL,0.32482496,0.21101378,0.46416125
2023-05-07 23:13:11+09:00,1655214198010552320,https://x.com/aoiro1014/status/1655214198010552320,5月9日に日付け変わったらコンビニに続々集まる転売ヤー朝方にはメルカリに出品されるみそきんと予想しとこ,aoiro1014,青イロ。（ほぼゲームペット）,0.0,0.0,4.0,NEUTRAL,0.27808377,0.2778379,0.44407836
2023-05-07 23:19:34+09:00,1655215802692546560,https://x.com/atri_irt/status/1655215802692546560,みそきんラーメンを改造チャーハンにするのはやっぱり尊厳破壊のジャンルになるのかな,atri_irt,atri,0.0,1.0,4.0,AGAINST,0.4217563,0.20992687,0.36831683
2023-05-07 23:19:59+09:00,1655215909588590592,https://x.com/haebo_/status/1655215909588590592,みそきん早く食べたい,haebo_,haebo,1.0,2.0,12.0,AGAINST,0.38953334,0.25722376,0.35324293
2023-05-07 23:20:30+09:00,1655216038857043968,https://x.com/A6Tuber/status/1655216038857043968,みそきん買ってみるか正直迷う,A6Tuber,風の民,0.0,3.0,8.0,NEUTRAL,0.3264878,0.30684468,0.36666748
2023-05-07 23:22:44+09:00,1655216600428199937,https://x.com/ranconow/status/1655216600428199937,息子との会話  私「今月はママの結婚記念日だよ。台湾と日本2回ある」  息子（ゆ） 「全然関係ないんだけど・・明後日は、HIKAKINのラーメンの発売日だよ。」  私「みそきんでしょ」  ゆ「日本全国の7-11で発売だよ。僕欲しい」 と、言ってきました。 台湾の7-11でも発売されますように笑,ranconow,嶋野蘭 Ran shimano @台湾,1.0,0.0,5.0,NEUTRAL,0.23843214,0.1911683,0.5703996
2023-05-07 23:27:22+09:00,1655217765542952960,https://x.com/wafov_AGLE/status/1655217765542952960,みそきんじゃなくて 美味しくなかったら全額返金、美味しかったらもう一杯。油そば鈴のきん だったらどうする？,wafov_AGLE,わようかん,0.0,3.0,8.0,FAVOR,0.30118725,0.3676886,0.3311241
2023-05-07 23:44:49+09:00,1655222157822283778,https://x.com/Kinoah_vrc/status/1655222157822283778,明後日の夜ご飯はみそきんやぞお前ら分かったか,Kinoah_vrc,Kinoah（きのあ）,0.0,0.0,5.0,AGAINST,0.42029357,0.17900501,0.40070143
2023-05-07 23:49:01+09:00,1655223216120692736,https://x.com/yukke_pg/status/1655223216120692736,くそきん みそきん テクニックきん,yukke_pg,ゆっけ,0.0,3.0,6.0,AGAINST,0.38251713,0.25231752,0.36516532
2023-05-07 23:51:08+09:00,1655223748444966913,https://x.com/indiviman48/status/1655223748444966913,みそきんが食べたい　それしか言うことはない,indiviman48,尊,0.0,0.0,8.0,NEUTRAL,0.37454158,0.19693178,0.42852664
2023-05-07 23:53:16+09:00,1655224284330196992,https://x.com/pini56028/status/1655224284330196992,みそきん合作見てたら100倍マッチ逃した,pini56028,ピニ,0.0,0.0,11.0,NEUTRAL,0.3366223,0.2826433,0.38073438
2023-05-07 23:53:58+09:00,1655224460751040512,https://x.com/mina1467/status/1655224460751040512,みそきん合作やばいって,mina1467,みな,0.0,0.0,2.0,NEUTRAL,0.25610405,0.27204698,0.47184893
2023-05-07 23:56:26+09:00,1655225080316825600,https://x.com/3_3roupi/status/1655225080316825600,みそきんで検索したらまだ発売されてないのに「みそきん　まずい」出てきて草,3_3roupi,ピットてゃ,0.0,0.0,2.0,NEUTRAL,0.2658157,0.19766559,0.5365187
2023-05-07 23:58:13+09:00,1655225528205590528,https://x.com/Sea_whiteS/status/1655225528205590528,続きはまた明日　うぉ〜明日みそきんだと思ったけど明後日だった　Where do we go,Sea_whiteS,スノぼう,0.0,0.0,1.0,AGAINST,0.35130602,0.3224093,0.3262847
2023-05-08 00:04:40+09:00,1655227154760892417,https://x.com/_twoyearsold/status/1655227154760892417,在庫のみそきんを、全て食べてしまいました,_twoyearsold,新背,0.0,19.0,84.0,NEUTRAL,0.3448395,0.30338332,0.3517772
2023-05-08 00:16:26+09:00,1655230114974818306,https://x.com/xxxxxxtxxxxxxxx/status/1655230114974818306,明日はみそきん発売日です。,xxxxxxtxxxxxxxx,13時間睡眠してぇ㌠代表取締役会長,0.0,0.0,3.0,NEUTRAL,0.17138518,0.27331218,0.5553027
2023-05-08 00:16:39+09:00,1655230170033442816,https://x.com/_4cls/status/1655230170033442816,フォロワーにセブンイレブン、もしくはその他コンビニでバイト経験ある人いないかな  みそきん最速で手に入れたいんだけど新商品って日付変更と同時に棚出しされるの？,_4cls,あきれす,1.0,0.0,7.0,NEUTRAL,0.30291054,0.27167004,0.42541942
2023-05-08 00:21:31+09:00,1655231392849223680,https://x.com/okashi_no_yeah/status/1655231392849223680,【大予言】 みそきんに対する大衆の意見は『期待していなかった分、予想よりはおいしい』,okashi_no_yeah,お菓子の家,0.0,0.0,6.0,NEUTRAL,0.33040383,0.33288446,0.33671173
2023-05-08 00:28:20+09:00,1655233110399922178,https://x.com/CRYchannel427/status/1655233110399922178,ついに明日みそきんの発売日か,CRYchannel427,ぷよぷよ兄貴|‍,0.0,0.0,2.0,NEUTRAL,0.29501954,0.25863302,0.4463474
2023-05-08 00:31:18+09:00,1655233853806764034,https://x.com/head__protector/status/1655233853806764034,個人的にみそきんと炭治郎は似てる気がする,head__protector,シオン never broke again,1.0,0.0,4.0,NEUTRAL,0.3013536,0.25059187,0.44805446
2023-05-08 00:37:14+09:00,1655235349227130880,https://x.com/head__protector/status/1655235349227130880,ちなみにみそきんはHIKAKIN PREMIUMのうちのひとつなんだけど、入ってきた情報によるとみそきん濃厚味噌ラーメンとみそきん濃厚味噌めしは第一弾だから、第二弾以降のラインナップも俺は期待してる。HIKAKINのYouTubeを見てきた感じだと揚げ物とか多い気がするからホットスナック系とかきたらいいナ！,head__protector,シオン never broke again,0.0,0.0,2.0,NEUTRAL,0.23255433,0.22959645,0.5378492
2023-05-08 00:40:44+09:00,1655236228470677504,https://x.com/_twoyearsold/status/1655236228470677504,みそきん擦り過ぎて味がしない,_twoyearsold,新背,0.0,2.0,9.0,AGAINST,0.49307883,0.21337897,0.2935423
2023-05-08 00:50:35+09:00,1655238706272563206,https://x.com/omatu_shining/status/1655238706272563206,みそきんっていつ発売開始？,omatu_shining,お松,1.0,0.0,0.0,AGAINST,0.3982552,0.29125986,0.31048492
2023-05-08 00:55:32+09:00,1655239951892770817,https://x.com/poisson_d/status/1655239951892770817,みそきん食べたいけど当分手に入らんのだろうな…,poisson_d,ぽわそん@ 12/31冬コミ南ｍ-38b,0.0,0.0,1.0,NEUTRAL,0.34889233,0.22500928,0.42609838
2023-05-08 01:00:13+09:00,1655241130458628096,https://x.com/satousatwu_n/status/1655241130458628096,宇宙みそきん(宇宙食のみそきんのこと),satousatwu_n,佐藤さとぅーん,0.0,0.0,4.0,AGAINST,0.39178208,0.27058858,0.33762935
2023-05-08 01:03:36+09:00,1655241984582516736,https://x.com/reametaru_0402/status/1655241984582516736,普通にみそきん気になる,reametaru_0402,レアメタル,0.0,0.0,1.0,NEUTRAL,0.36890846,0.21989818,0.41119334
2023-05-08 01:16:43+09:00,1655245284933505026,https://x.com/2soumagic/status/1655245284933505026,みそきん食べてみたい,2soumagic,Sota,1.0,0.0,3.0,AGAINST,0.3937489,0.26665854,0.33959255
2023-05-08 01:21:58+09:00,1655246604688068614,https://x.com/HonaMizuki_/status/1655246604688068614,みそきん発売日か セブン行くか,HonaMizuki_,みそ,1.0,0.0,15.0,AGAINST,0.38966063,0.2700282,0.34031114
2023-05-08 01:25:52+09:00,1655247586402643968,https://x.com/wafov_AGLE/status/1655247586402643968,みそきん発売まで  あと  1日。,wafov_AGLE,わようかん,0.0,0.0,1.0,NEUTRAL,0.2530658,0.20413312,0.542801
2023-05-08 01:31:08+09:00,1655248914176704515,https://x.com/yukke_pg/status/1655248914176704515,腹の調子最悪な状態でおすすめに永遠に流れてくるみそきん見てたらだんだんムカついてきた,yukke_pg,ゆっけ,0.0,0.0,3.0,NEUTRAL,0.33272827,0.27731973,0.389952
2023-05-08 01:31:47+09:00,1655249075909058562,https://x.com/m1kuzu/status/1655249075909058562,みそきん発売したら食べたいなーって思ってたけど味噌ラーメンか！（当たり前） 味噌ラーメンはラーメンのフレーバーの中でも最弱なため……,m1kuzu,品川ミクズ,1.0,0.0,6.0,NEUTRAL,0.29798573,0.21392736,0.48808685
2023-05-08 01:40:17+09:00,1655251213880004609,https://x.com/totototo0507/status/1655251213880004609,みそきん合作って結局実在したの？しなかったの？,totototo0507,とととと,0.0,0.0,2.0,NEUTRAL,0.3592167,0.2473127,0.39347062
2023-05-08 02:03:30+09:00,1655257056285425664,https://x.com/ishitomo_bocchi/status/1655257056285425664,この状況でみそきん食べませんか？って提案してきたら流石に逃げちゃうかも,ishitomo_bocchi,いしとも,1.0,20.0,141.0,NEUTRAL,0.2795225,0.23555174,0.48492572
2023-05-08 02:03:49+09:00,1655257135989800962,https://x.com/news_item/status/1655257135989800962,みそきん発売までとうとうあと1日,news_item,キスをしてるイルカ,0.0,0.0,7.0,AGAINST,0.39931613,0.2211574,0.37952653
2023-05-08 02:04:34+09:00,1655257327237496833,https://x.com/alice_969_/status/1655257327237496833,ヒカキンの本気！ みそきん気になるね,alice_969_,つきのん,0.0,0.0,1.0,NEUTRAL,0.2971124,0.33328342,0.36960417
2023-05-08 02:19:25+09:00,1655261065620647943,https://x.com/ShikibuMeguri/status/1655261065620647943,今日みそきん発売日,ShikibuMeguri,式部めぐり,2.0,0.0,24.0,AGAINST,0.37876737,0.25996456,0.36126807
2023-05-08 02:30:41+09:00,1655263899619565568,https://x.com/zarichang/status/1655263899619565568,はやくみそきん食べたい,·,@zarichang,0.0,0.0,2.0,NEUTRAL,0.34581935,0.27613005,0.37805057
2023-05-08 02:51:54+09:00,1655269239161487360,https://x.com/sakutaro_39cb/status/1655269239161487360,みそきん,sakutaro_39cb,塩犬,0.0,0.0,0.0,AGAINST,0.3625069,0.3253933,0.31209984
2023-05-08 03:18:24+09:00,1655275907014336512,https://x.com/noyolip/status/1655275907014336512,明日みそきん食べる,noyolip,のよりっぷ,0.0,0.0,2.0,NEUTRAL,0.26765683,0.29236335,0.43997973
2023-05-08 03:47:51+09:00,1655283319163228160,https://x.com/21glll/status/1655283319163228160,あしたバイト先の人にみそきんの話題振ろうかな,21glll,本物の恐竜,0.0,0.0,11.0,NEUTRAL,0.33119437,0.241678,0.42712766
2023-05-08 04:33:50+09:00,1655294891189219328,https://x.com/RiuKugeI/status/1655294891189219328,みそきんたべたい,RiuKugeI,りう,1.0,0.0,56.0,AGAINST,0.36783734,0.26598164,0.366181
2023-05-08 05:31:53+09:00,1655309497823551489,https://x.com/korosuke2211/status/1655309497823551489,みそきんぷんすかぁ,korosuke2211,とりうお。,0.0,0.0,0.0,NEUTRAL,0.26255852,0.26450235,0.4729391
2023-05-08 06:17:50+09:00,1655321063851716608,https://x.com/BATMAN_jpn/status/1655321063851716608,みそきん合作本編 nicovideo.jp/watch/sm421936 …  ,,,,,,FAVOR,0.34173027,0.36083326,0.29743654
2023-05-08 06:21:25+09:00,1655321965987762176,https://x.com/8rMEizs8x1BZvgD/status/1655321965987762176,おはようございます 朝〜雨掃除しにくい1日！ いよいよ明日がみそきん発売日ですね 楽しみ 毎日が芳しくなくなんか憂鬱感が続いている 皆さん寒暖差が激しいので気をつけて過ごしましょう。 今日1日宜しくお願いします,8rMEizs8x1BZvgD,ゆみちゃん,1.0,0.0,25.0,NEUTRAL,0.30251282,0.2866714,0.41081583
2023-05-08 06:28:37+09:00,1655323775234371584,https://x.com/BATMAN_jpn/status/1655323775234371584,みそきん合作本編 nicovideo.jp/watch/sm421936 …  ,,,,,,FAVOR,0.34173027,0.36083326,0.29743654
2023-05-08 07:09:42+09:00,1655334116253143040,https://x.com/seta1728/status/1655334116253143040,おはよぉーございます昨日のダリといい、ダーマさんのみそきんレポ可愛い＆美味しそう過ぎる買います,seta1728,瀬田,0.0,0.0,6.0,NEUTRAL,0.3095945,0.31760436,0.37280115
2023-05-08 07:16:20+09:00,1655335785812606977,https://x.com/ebi_lesson/status/1655335785812606977,☆*:.｡. みそきんフラゲ日 .｡.:*☆,ebi_lesson,えび,0.0,0.0,7.0,NEUTRAL,0.24490678,0.23251656,0.52257663
2023-05-08 07:17:06+09:00,1655335978821914627,https://x.com/dengeki_raijin/status/1655335978821914627,みそきんのこと考えたらよだれ出てきた,dengeki_raijin,DENGEKI,0.0,0.0,4.0,NEUTRAL,0.34405383,0.26509145,0.39085478
2023-05-08 07:24:16+09:00,1655337781777035264,https://x.com/news_item/status/1655337781777035264,みそきん,news_item,キスをしてるイルカ,0.0,0.0,8.0,AGAINST,0.3625069,0.3253933,0.31209984
2023-05-08 07:38:57+09:00,1655341476161912832,https://x.com/ebi_lesson/status/1655341476161912832,ゲーム、アイドル、みそきんの三本柱,ebi_lesson,えび,0.0,0.0,7.0,NEUTRAL,0.32353598,0.27743357,0.39903042
2023-05-08 07:58:01+09:00,1655346274655436800,https://x.com/__nuke_/status/1655346274655436800,最近みそきんのことしかツイートしてない誰かさんのせいで食べたくなってきた,__nuke_,ヌケニン,1.0,0.0,2.0,AGAINST,0.39289045,0.22769284,0.3794167
2023-05-08 08:00:00+09:00,1655346776101232643,https://x.com/lily_singmusic/status/1655346776101232643,LIVE配信のお知らせ  5/10 21:00 【水曜定期配信】 ,,,,,,AGAINST,0.355176,0.33577758,0.30904648
2023-05-08 08:00:43+09:00,1655346953033764865,https://x.com/6kuromi_6/status/1655346953033764865,みそきん高い高いってみんな言ってるから値段見てみたら300円で笑った  どんだけ貧乏人なのww,6kuromi_6,面接太郎,0.0,0.0,3.0,NEUTRAL,0.34459764,0.2623984,0.393004
2023-05-08 08:01:00+09:00,1655347025079140361,https://x.com/honjitsunoippai/status/1655347025079140361,最新カップ麺【今週の新商品】HIKAKIN×NISSIN＝みそきん!? セブンイレブン限定の “特別な一杯” を展開!!  『本日の一杯 -Cupmen review blog-』を更新しました,honjitsunoippai,taka :a カップ麺研究家『本日の一杯』,1.0,7.0,22.0,FAVOR,0.31308755,0.39277422,0.29413825
2023-05-08 08:04:53+09:00,1655348002792542209,https://x.com/Sgt_manbo/status/1655348002792542209,みそきん食べるのちょっと楽しみなんだよな。,Sgt_manbo,岡本一等兵,0.0,0.0,5.0,NEUTRAL,0.24739617,0.21722794,0.5353759
2023-05-08 08:12:58+09:00,1655350039223623682,https://x.com/Ayuemon1945/status/1655350039223623682,あぁそうか 今日はみそきんの発売日だったな。 今ここで倒れるわけには行かない。,Ayuemon1945,鮎衛門,1.0,0.0,11.0,NEUTRAL,0.2302012,0.19677944,0.5730194
2023-05-08 08:24:16+09:00,1655352880466108416,https://x.com/ENJLkSYvDoTIL1L/status/1655352880466108416,みそきん=味噌菌=コウジカビ,ENJLkSYvDoTIL1L,芋健品 軍舞,0.0,0.0,1.0,NEUTRAL,0.31317192,0.32527247,0.36155558
2023-05-08 08:31:13+09:00,1655354628412968960,https://x.com/HIKAKIN_Kumi/status/1655354628412968960,今日はみそきんを買いに行ったら、フォロワーさん達大集合で、まだ発売時間前だからってコンビニが試食会ひらいてくれて、みんなで美味しいね〜って言いながら食べるって夢を見ました  …どんだけみそきん楽しみなん私…w,HIKAKIN_Kumi,KUMI KUMI,2.0,0.0,17.0,NEUTRAL,0.26736754,0.24349521,0.4891372
2023-05-08 08:32:05+09:00,1655354847330447365,https://x.com/Saraman_FNC/status/1655354847330447365,明日はみそきん朝から買いに行かないとな,Saraman_FNC,サラマン/SJT,1.0,0.0,7.0,NEUTRAL,0.3084197,0.2171633,0.474417
2023-05-08 08:34:33+09:00,1655355468683034625,https://x.com/xxxlililxxx/status/1655355468683034625,みそきん,xxxlililxxx,吉田,0.0,1.0,16.0,AGAINST,0.3625069,0.3253933,0.31209984
2023-05-08 08:34:55+09:00,1655355562735947778,https://x.com/mikan_hgsosk/status/1655355562735947778,みそきんのPR動画、セイキンとお母さんに食べてもらう動画も観た。 家族やからあんまり変なこと言えんでしょ、とも思ったから、ここはレポに期待。 そして、売り切れる可能性も危惧して明日とりあえず買う！  大石さん、みそきんのメシはやってくれはれへんやろなぁ…,mikan_hgsosk,みかん(;´д｀),1.0,0.0,2.0,NEUTRAL,0.23820546,0.287887,0.47390753
2023-05-08 08:49:57+09:00,1655359342756139008,https://x.com/mito_lime/status/1655359342756139008,ミーハーやからみそきん探しにコンビニいったのに明日からやった あほ,mito_lime,みと,0.0,0.0,1.0,NEUTRAL,0.3410832,0.24951024,0.40940648
2023-05-08 08:49:59+09:00,1655359354407915520,https://x.com/__Kiritomo/status/1655359354407915520,おはよう 明日みそきん発売日やん！！ 買えるかなー,__Kiritomo,DELTA Kiritomo,4.0,1.0,26.0,NEUTRAL,0.32745475,0.2696701,0.40287513
2023-05-08 08:58:42+09:00,1655361547567534081,https://x.com/pokepokehiichan/status/1655361547567534081,明日休みだからみそきん買いに行こうかなー？売ってるかなー,pokepokehiichan,まめひぃ【mame_hieee】╰( 'ω')╮=͟͟͞͞◒,1.0,0.0,7.0,NEUTRAL,0.32670817,0.19624057,0.47705132
2023-05-09 08:27:08+09:00,1655715989076721664,https://x.com/yayopapimocch/status/1655715989076721664,みそきん食べた〜い,yayopapimocch,ゃょぃょ,0.0,0.0,2.0,AGAINST,0.35128385,0.31027216,0.338444
2023-05-09 08:31:48+09:00,1655717165738381312,https://x.com/sin0sama/status/1655717165738381312,みそきんゲットしたぞ！,sin0sama,しんまるさま,0.0,1.0,2.0,NEUTRAL,0.30692378,0.33801496,0.35506123
2023-05-09 08:34:03+09:00,1655717730673381376,https://x.com/LDCK_Kuroura452/status/1655717730673381376,そういえばみそきん買いました すぐ見つかってよかった,LDCK_Kuroura452,くろーら,1.0,1.0,5.0,NEUTRAL,0.3552154,0.26093948,0.38384518
2023-05-09 08:34:28+09:00,1655717837477122048,https://x.com/Negi05865836/status/1655717837477122048,みそきん…もう売り切れ… いつもより早く家出たのにぃ… 食べたかった〜  仕方ない…気持ちを切り替えて！ 今日も一日頑張りましょう,Negi05865836,Negi（Negiチャンネル）,0.0,2.0,57.0,NEUTRAL,0.2606409,0.28062725,0.4587318
2023-05-09 08:34:35+09:00,1655717867311206400,https://x.com/yossy_yskt/status/1655717867311206400,みそきん、もう完売なのか…,yossy_yskt,よっし～,0.0,1.0,1.0,NEUTRAL,0.3725012,0.24490845,0.38259038
2023-05-09 08:34:39+09:00,1655717883333459969,https://x.com/TrythisMJ/status/1655717883333459969,みそきん全然ない,TrythisMJ,かいきんしょう　0-0-4(1),0.0,1.0,4.0,NEUTRAL,0.34310007,0.17814146,0.47875842
2023-05-09 08:35:33+09:00,1655718107514798080,https://x.com/YukuBuraaaaaaaa/status/1655718107514798080,大学内までみそきん持ち歩くの普通に苦行だわ,YukuBuraaaaaaaa,ゆくブラっ！,0.0,0.0,1.0,NEUTRAL,0.33136785,0.211386,0.45724615
2023-05-09 08:37:15+09:00,1655718536566956032,https://x.com/mrs3n/status/1655718536566956032,みそきん買おうと思ったらToday's HIKAKIN Pointが足りなかった,mrs3n,mrs.,0.0,5.0,8.0,NEUTRAL,0.36389127,0.271216,0.36489275
2023-05-09 08:38:09+09:00,1655718763273265152,https://x.com/minaseCelestia/status/1655718763273265152,みそきん買えました！  ,,,,,,FAVOR,0.2635696,0.38522276,0.3512076
2023-05-09 08:38:23+09:00,1655718820043182080,https://x.com/akky1127/status/1655718820043182080,ヒカキン相互だし俺にもあのデカいみそきん送ってくれないかな,akky1127,星宮あき,0.0,1.0,37.0,NEUTRAL,0.38194072,0.16334131,0.45471802
2023-05-09 08:38:27+09:00,1655718836484845569,https://x.com/_naari_/status/1655718836484845569,みそきんまだあるかな,_naari_,なあり,0.0,0.0,6.0,NEUTRAL,0.3152529,0.23685543,0.44789162
2023-05-09 08:39:07+09:00,1655719004777123841,https://x.com/PDRnotPDS/status/1655719004777123841,みそきんを求めてセブン6軒回ったけど、置いてないか転売ヤーがごっそり買ってたで朝から激オコプンプン丸  ムカついてウェハースとからめる買いました,PDRnotPDS,PDЯさん(Duncan),17.0,75.0,0.0,NEUTRAL,0.30697164,0.30288506,0.39014328
2023-05-09 08:39:07+09:00,1655719005720842243,https://x.com/tom0522op/status/1655719005720842243,みそきんゲット,tom0522op,とも@COD/DQX/FF14/MHR,2.0,0.0,6.0,NEUTRAL,0.33174822,0.32354853,0.34470326
2023-05-09 08:39:23+09:00,1655719071298772993,https://x.com/ishi_sysfreesia/status/1655719071298772993,おはようございます  昨日は雨でしたが 今日は除いてますね  そして今日は遂にみそきん発売日 これを楽しみに今日も一日頑張ります,ishi_sysfreesia,いしまる | システムフリージア 人事・広報,0.0,0.0,24.0,NEUTRAL,0.25719824,0.2849082,0.4578935
2023-05-09 08:39:27+09:00,1655719089132965889,https://x.com/chanmai1225mai/status/1655719089132965889,ファミマにみそきん売ってるかな セブンだけとか 今日はちいかわも買わなきゃだしなぁ,chanmai1225mai,ちゃんまいきょんくま部,2.0,0.0,3.0,NEUTRAL,0.30181658,0.19151196,0.5066714
2023-05-09 08:39:56+09:00,1655719211182997505,https://x.com/o6hi4/status/1655719211182997505,ひよりさんはヒカキッズなのでみそきん買ってきました。今夜の晩御飯にする⸜( ˶´ᵕ`˶ )⸝,o6hi4,ひより＠Tiamat鯖,0.0,0.0,2.0,NEUTRAL,0.25019112,0.36522028,0.38458866
2023-05-09 08:40:10+09:00,1655719268485566469,https://x.com/kexpwww/status/1655719268485566469,みそきん転売成功してて草,kexpwww,k@ますらばー,2.0,38.0,55.0,NEUTRAL,0.29384106,0.25296724,0.45319173
2023-05-09 08:40:22+09:00,1655719320830500865,https://x.com/hamasukabob/status/1655719320830500865,"おはようございます  今日も良い天気  今日からセブンで発売の""みそきん"" 買えたら家でヒーローになれるので、通勤時3件セブン寄りましたがまだ売ってませんでした  夜には陳列するとのことでした… 神奈川西エリアは入荷が遅いのかな  #みそきん #みそきんめし #ヒカキン #セブンイレブン",hamasukabob,ハマスカポンコツ倶楽部・気まま部員ジル,1.0,2.0,22.0,NEUTRAL,0.26925448,0.2473986,0.483347
2023-05-09 08:40:40+09:00,1655719396801925121,https://x.com/Yuutabuck/status/1655719396801925121,みそきん本当こんな感じ 多分、みそきんメシのが良い感じ,Yuutabuck,ゆーた⭐︎,0.0,0.0,0.0,NEUTRAL,0.3467876,0.2648902,0.3883222
2023-05-09 08:40:45+09:00,1655719416024399872,https://x.com/ChonanKansai/status/1655719416024399872,みそきんのためだけに講義ピ逃げして梅田行くか？！あっ？！,ChonanKansai,チョナン関関同立,0.0,0.0,2.0,NEUTRAL,0.34740198,0.26086313,0.39173487
2023-05-09 08:40:46+09:00,1655719423154753536,https://x.com/hershey_841/status/1655719423154753536,今日のデイリーミッション みそきんをɢᴇᴛする(っ˙༥˙) もう食べました？  では、前のめりで行ってきます←,hershey_841,ハーシー,8.0,1.0,39.0,NEUTRAL,0.19363028,0.23528019,0.57108957
2023-05-09 08:41:14+09:00,1655719537680211969,https://x.com/dekoi3240/status/1655719537680211969,みそきん美味いぞこれ,dekoi3240,白玉のデコイ,1.0,0.0,2.0,NEUTRAL,0.28982615,0.30391088,0.40626302
2023-05-09 08:41:36+09:00,1655719630487588864,https://x.com/kentoxsekaowa/status/1655719630487588864,みそきんが食べたい,kentoxsekaowa,けんと,0.0,1.0,1.0,NEUTRAL,0.3332789,0.3288543,0.3378668
2023-05-09 08:41:40+09:00,1655719649118674949,https://x.com/kyohei3070/status/1655719649118674949,みそきんゲット   ,,,,,,NEUTRAL,0.33174822,0.32354853,0.34470326
2023-05-09 08:42:17+09:00,1655719804022697984,https://x.com/zako_fz/status/1655719804022697984,みそきんマジでうまいんだけど,zako_fz,雑魚,1.0,3.0,4.0,NEUTRAL,0.26250103,0.23088132,0.5066176
2023-05-09 08:42:18+09:00,1655719805939490816,https://x.com/_k1xg/status/1655719805939490816,みそきん売ってなさすぎてイライラする,_k1xg,カミュ,2.0,1.0,2.0,AGAINST,0.41652286,0.19867139,0.3848058
2023-05-09 08:42:21+09:00,1655719821072568323,https://x.com/456030777111/status/1655719821072568323,みそきんの話題性やばいな大量に発注するか！！！！れ！,456030777111,ただのゴリラ,0.0,1.0,2.0,AGAINST,0.36988842,0.282375,0.34773648
2023-05-09 08:42:22+09:00,1655719822666383360,https://x.com/Like_Chen_0623/status/1655719822666383360,学校の近くのセブンにみそきんなくて鬱,Like_Chen_0623,ちあまと,1.0,1.0,4.0,NEUTRAL,0.17869228,0.23455702,0.5867507
2023-05-09 08:42:27+09:00,1655719845718269953,https://x.com/cbr250rraida/status/1655719845718269953,もう売ってるかなぁ～？ セブンに行ってみよっ٩( ´ω` )و  ヒカキン×日清食品、HIKAKIN PREMIUMから「みそきん」カップ麺/カップメシをセブン-イレブンで発売  - グルメ Watch,cbr250rraida,Y U K A,1.0,1.0,15.0,NEUTRAL,0.33178088,0.30861074,0.35960832
2023-05-09 08:42:35+09:00,1655719878165426176,https://x.com/YutoriTengu/status/1655719878165426176,セブン4店舗回ったけどみそきん全部売り切れだった…買えない,YutoriTengu,テング俺たち天下のゆとりーマン,3.0,0.0,31.0,NEUTRAL,0.33685848,0.2637453,0.39939612
2023-05-09 08:42:41+09:00,1655719902945357824,https://x.com/cierulo_sky/status/1655719902945357824,みそきん買えた……みそきんメシの方は売り切れてた(´；ω；｀),cierulo_sky,華夜(kaya)@のんびりまったり❁⃘*.ﾟ,0.0,0.0,0.0,AGAINST,0.3804077,0.3215533,0.29803902
2023-05-09 08:42:48+09:00,1655719934369103872,https://x.com/sawansa_n/status/1655719934369103872,旦那送迎の帰りに話題のみそきん＆みそめし  セブンのラーメンコーナーHIKAKINの所だけ品薄なってた  楽しみ,sawansa_n,sawa•*¨*•.¸¸♬︎,1.0,0.0,4.0,NEUTRAL,0.21173725,0.19191994,0.5963428
2023-05-09 08:42:49+09:00,1655719937837789184,https://x.com/Kei___Official/status/1655719937837789184,. みそきん買った？,Kei___Official,@けい,2.0,0.0,9.0,NEUTRAL,0.32666343,0.24919298,0.42414358
2023-05-09 08:43:01+09:00,1655719985648631808,https://x.com/acho25252/status/1655719985648631808,【セブン－イレブン店頭限定発売】HIKAKIN初ブランド「HIKAKIN PREMIUM」誕生！ラーメン愛を詰め込んだ「みそきん」カップ麺＆カップメシが2023年5月9日より順次発売  prtimes.jp/main/html/rd/p …  @PRTIMES_JP より,acho25252,あちょー,0.0,4.0,14.0,NEUTRAL,0.3063997,0.32258898,0.37101132
2023-05-09 08:43:05+09:00,1655720006112665600,https://x.com/cyuncyun272/status/1655720006112665600,みそきんあってくれー！,cyuncyun272,こーすけ,0.0,0.0,4.0,NEUTRAL,0.3416481,0.2864264,0.37192553
2023-05-09 08:43:11+09:00,1655720030452207616,https://x.com/huna_kiti/status/1655720030452207616,みそきん飯の方はうまいらしいね,huna_kiti,ふなきち(古名),0.0,0.0,2.0,NEUTRAL,0.30761898,0.29396403,0.398417
2023-05-09 08:43:47+09:00,1655720181249998850,https://x.com/momogakoyoi/status/1655720181249998850,みそきんの枠見たらなんかカウントダウンしててわらったのだ,momogakoyoi,百々牙こよい個人VTuber,0.0,2.0,53.0,AGAINST,0.39809418,0.23426332,0.36764246
2023-05-09 08:43:57+09:00,1655720222559707136,https://x.com/ririnatsukisiro/status/1655720222559707136,楽しみにしていた、みそきん〜！ (頂くのはお口治ってから),ririnatsukisiro,月城リリナ お茶会Vtuber,6.0,0.0,42.0,NEUTRAL,0.28790474,0.32280725,0.38928798
2023-05-09 08:44:12+09:00,1655720286212472833,https://x.com/hotaru_miyako/status/1655720286212472833,みそきんあったー！わーいヾ(＠⌒ー⌒＠)ノ 朝ごはん,hotaru_miyako,蛍都@けーとん趣味,1.0,0.0,12.0,NEUTRAL,0.34051535,0.30978933,0.34969532
2023-05-09 08:44:19+09:00,1655720314058444800,https://x.com/Athlona_64/status/1655720314058444800,朝から登校中にみそきん買ってるやついて笑う(),Athlona_64,あ す ろ ん,2.0,1.0,12.0,NEUTRAL,0.32084474,0.20630884,0.4728464
2023-05-09 08:44:31+09:00,1655720363245051904,https://x.com/IttFooLMOpROfjF/status/1655720363245051904,非常事態に備えてみそきんを大量購入,IttFooLMOpROfjF,カステチル,1.0,1.0,13.0,NEUTRAL,0.3452092,0.26257613,0.3922147
2023-05-09 08:45:08+09:00,1655720522192424961,https://x.com/Disaster_Baby_/status/1655720522192424961,クラスの男子がみそきん持ってきてめっちゃ自慢してたウケる,Disaster_Baby_,Disaster Baby,0.0,1.0,30.0,NEUTRAL,0.32568133,0.22632883,0.44798985
2023-05-09 08:45:19+09:00,1655720567549628416,https://x.com/butsurizuki/status/1655720567549628416,みそきんホンマに入手困難で笑、ゥ,butsurizuki,物理好き,0.0,0.0,10.0,NEUTRAL,0.26633316,0.31322178,0.42044502
2023-05-09 08:45:30+09:00,1655720614039293957,https://x.com/bonbon_pomme_/status/1655720614039293957,朝セブン5軒回ったけど、みそきん1店舗もなかったんだけど…でもはっきり売り切れは1店舗のみ そもそもまだ入荷してない所もあるみたいで「入るとは思うんですが…」とはっきりしない様子… まだ仕事帰りに買える可能性あるかなぁ？,bonbon_pomme_,しらゆき,7.0,0.0,22.0,NEUTRAL,0.26173413,0.2664391,0.47182682
2023-05-09 08:46:00+09:00,1655720738865950720,https://x.com/BURASHI0701/status/1655720738865950720,みそきんもう売り切れてた (´･ ω ･ ｀),BURASHI0701,ブラシ,0.0,0.0,11.0,AGAINST,0.35375643,0.33235335,0.3138902
2023-05-09 08:46:05+09:00,1655720758876966912,https://x.com/souhan0083/status/1655720758876966912,味が気になったので「みそきん」買ってきました。  朝カップ麺は重ので、食べるのは後で,souhan0083,noya （マイペースにブログ投稿中）,1.0,1.0,12.0,NEUTRAL,0.20263717,0.21302389,0.58433896
2023-05-09 08:46:49+09:00,1655720945602949122,https://x.com/chigatarinee/status/1655720945602949122,みそきんがヒカキン食べる動画見ながらみそきん食べます,chigatarinee,肉赤子ちゃん,1.0,0.0,20.0,NEUTRAL,0.35036525,0.2887215,0.36091322
2023-05-09 08:47:14+09:00,1655721048246206464,https://x.com/Yat_identity/status/1655721048246206464,家族でみそきん夜実食します,Yat_identity,やませ,0.0,0.0,178.0,NEUTRAL,0.31903818,0.3089282,0.3720337
2023-05-09 08:48:18+09:00,1655721317025591297,https://x.com/suzuchosu/status/1655721317025591297,嫁ちゃんがみそきん確保してくれた！ 楽しみー,suzuchosu,すずちょす@本業何？,0.0,0.0,2.0,NEUTRAL,0.28265908,0.28663537,0.4307055
2023-05-09 08:48:19+09:00,1655721322474000384,https://x.com/Susano_wizone/status/1655721322474000384,誰か俺の分のみそきん買っておいて！！！！！,Susano_wizone,すさのお,1.0,0.0,2.0,NEUTRAL,0.30499464,0.2782962,0.41670913
2023-05-09 08:48:21+09:00,1655721330002767873,https://x.com/667022/status/1655721330002767873,みそきん買おうと思ったらToday's HIKAKIN Pointが足りなかった,667022,ゆう,0.0,2.0,7.0,NEUTRAL,0.36389127,0.271216,0.36489275
2023-05-09 08:48:27+09:00,1655721356108120065,https://x.com/masaya_mekemeke/status/1655721356108120065,みそきん売り切れ…,masaya_mekemeke,磨鞘一佳ｻｲﾍﾞﾘｱplusにて漫画連載中,2.0,0.0,1.0,AGAINST,0.4405488,0.23933189,0.32011935
2023-05-09 08:48:28+09:00,1655721358444359681,https://x.com/dokkun6/status/1655721358444359681,ヒカキンのカップラーメン、みそきん、今日から発売だからセブンいこっと,dokkun6,どっく,0.0,0.0,1.0,NEUTRAL,0.3139087,0.2192771,0.46681425
2023-05-09 08:48:30+09:00,1655721366468059136,https://x.com/Kasai_Itsuki/status/1655721366468059136,みそきん今日？！,Kasai_Itsuki,河西いつき,0.0,0.0,3.0,NEUTRAL,0.31488404,0.29994693,0.38516906
2023-05-09 08:48:52+09:00,1655721460399509505,https://x.com/hamachi_genshin/status/1655721460399509505,みそきん調達完了しました。 朝にラーメン食べるのなんて初めてだけど今から食します。 ラーメンが思ってたよりデカい,hamachi_genshin,はまち。,2.0,0.0,19.0,NEUTRAL,0.24269955,0.30368793,0.45361257
2023-05-09 08:49:38+09:00,1655721654683865089,https://x.com/donguri_0101/status/1655721654683865089,おはようございます！  みそきんゲットしました でもこっちも気になりすぎて、しばらく棚の前でフリーズしました  どーなの、これおいしいのかな……,donguri_0101,どんぐり/donguri,1.0,0.0,5.0,NEUTRAL,0.3232687,0.2725975,0.40413377
2023-05-09 08:49:45+09:00,1655721683326730240,https://x.com/nikamix25/status/1655721683326730240,みそきん買えた！,nikamix25,弐香（にか）,1.0,0.0,7.0,FAVOR,0.29629353,0.3654077,0.3382988
2023-05-09 08:50:03+09:00,1655721758681595904,https://x.com/taiga7Swell/status/1655721758681595904,セブンイレブン 行くか みそきんのために,taiga7Swell,タイガ@YouTube,3.0,1.0,19.0,NEUTRAL,0.2588343,0.29306307,0.4481026
2023-05-09 08:50:35+09:00,1655721893369098241,https://x.com/tayuyudawasa/status/1655721893369098241,みそきん買ったしお昼に食べてみよ〜,tayuyudawasa,たゆゆ,1.0,0.0,1.0,NEUTRAL,0.30747733,0.2672314,0.4252912
2023-05-09 08:50:41+09:00,1655721916924329985,https://x.com/Tra_HGDN_koba/status/1655721916924329985,みそきん買いにハシゴしたわ,Tra_HGDN_koba,てぃら,0.0,0.0,2.0,NEUTRAL,0.31483313,0.28411496,0.4010519
2023-05-09 08:50:45+09:00,1655721931717627904,https://x.com/marupin_minus/status/1655721931717627904,みそきん ・スープがそれほど濃いわけではないが美味い ・麺が↑とそんなに合ってない感ある ・具材のチョイスが神 ・その辺のカップラーメンよりは美味いけど、これで300円なら別のを買うという選択肢も  総合的には美味いかもしれないけど、ラーメン好きには物足りなさを感じるかもしれません。,marupin_minus,まるぴん,0.0,1.0,2.0,NEUTRAL,0.25913948,0.19828075,0.54257977
2023-05-09 08:50:52+09:00,1655721963946663936,https://x.com/RT_Solvalou5/status/1655721963946663936,大学にみそきん置いてねーかなガチ食いたい,RT_Solvalou5,蒼,0.0,0.0,4.0,NEUTRAL,0.38586575,0.20742624,0.406708
2023-05-09 08:50:56+09:00,1655721980224741376,https://x.com/purittu0703/status/1655721980224741376,みそきん売ってなかった,purittu0703,ぷりちゃん,1.0,0.0,2.0,AGAINST,0.39556023,0.21131566,0.39312413
2023-05-09 08:51:29+09:00,1655722117034561536,https://x.com/2tgefSvR7k3o05M/status/1655722117034561536,HIKAKIN PREMIUMの、みそきん濃厚味噌、みそきん濃厚味噌メシが発売されましたセブンイレブン限定5月9火曜日 YouTubeで２つの紹介動画とショートで面白いアレンジ動画作りまくります ,,,,,,FAVOR,0.29803222,0.3678497,0.3341181
2023-05-09 08:51:37+09:00,1655722150752571392,https://x.com/usami_itigo/status/1655722150752571392,みそきん売ってる買ってこ,usami_itigo,くれは(ファイナル),0.0,0.0,3.0,NEUTRAL,0.3663295,0.24489963,0.3887709
2023-05-09 08:51:40+09:00,1655722164610547714,https://x.com/ryujin_p1518/status/1655722164610547714,みそきんって何処で買えるの？ セブンで買える？,ryujin_p1518,ryujin_p,1.0,0.0,2.0,AGAINST,0.3910181,0.28566843,0.32331344
2023-05-09 08:51:42+09:00,1655722172495843332,https://x.com/momogakoyoi/status/1655722172495843332,みそきん、メシの方もかうのだ！！！！,momogakoyoi,百々牙こよい個人VTuber,2.0,0.0,53.0,NEUTRAL,0.29359782,0.26631773,0.4400845
2023-05-09 08:52:48+09:00,1655722448141299712,https://x.com/admen_vc_2/status/1655722448141299712,今日みそきん発売日らしいから食ってみたい。やりたいこと一つ残らず全てやってきたであろうHIKAKINが人生で一番やりたかったラーメンの開発。どんな味でもいいから食べてみたいわ。,admen_vc_2,ADMEN | CryptoTimes.edge,1.0,1.0,11.0,NEUTRAL,0.17488015,0.2550592,0.5700607
2023-05-09 08:53:38+09:00,1655722658087174144,https://x.com/notysan1/status/1655722658087174144,みそきん買いに行くかめちゃ迷ってる,notysan1,のてち,1.0,0.0,48.0,NEUTRAL,0.2763253,0.29547793,0.4281968
2023-05-09 08:53:48+09:00,1655722702051905537,https://x.com/Shin_renmaa/status/1655722702051905537,みそきんの真の狙いはみそきんによる「全国統一」,Shin_renmaa,レンマ,0.0,0.0,2.0,NEUTRAL,0.36285448,0.25095764,0.38618782
2023-05-09 08:54:09+09:00,1655722790257917952,https://x.com/ra1n_xn/status/1655722790257917952,今日みそきん食べます,ra1n_xn,飴,1.0,0.0,4.0,NEUTRAL,0.3233927,0.29561138,0.3809959
2023-05-09 08:54:10+09:00,1655722794150424582,https://x.com/r_nakasone/status/1655722794150424582,みそきん売り切れでなく入ってなかった店舗もあるのねえ(´･ω･`),r_nakasone,中曽根,1.0,0.0,0.0,AGAINST,0.34639364,0.33240297,0.3212034
2023-05-09 08:54:39+09:00,1655722913285414914,https://x.com/Te_te_S1/status/1655722913285414914,みそきんどこでうってる？ みそきんメシだけ食いたい,Te_te_S1,て,1.0,0.0,2.0,NEUTRAL,0.33732802,0.28087887,0.3817931
2023-05-09 08:55:13+09:00,1655723057498193921,https://x.com/goodshapedayyon/status/1655723057498193921,みそきん買わないとならんやつ,goodshapedayyon,⋆♡*星月宇宙★,0.0,0.0,0.0,NEUTRAL,0.39970878,0.19845808,0.40183315
2023-05-09 08:55:34+09:00,1655723144815194113,https://x.com/Avn_a__m/status/1655723144815194113,3店舗回ったけど3店舗中2店舗はポップはあるけど売り切れ もしかしたらまだ入荷されてないだけかもだけど 1店舗はみそきんのみの字もなし やる気あんのかあのセブン←,Avn_a__m,◤あやめろ,1.0,0.0,2.0,NEUTRAL,0.26256675,0.27525023,0.4621831
2023-05-09 08:55:37+09:00,1655723159331676160,https://x.com/rin_sns_/status/1655723159331676160,みそきんレビュー  食べたことのない甘い味噌ラーメン 普段は食べないけど月イチで絶対に食べる中毒の味,rin_sns_,りんちゃ（創業8年目）（タルパ）,0.0,1.0,2.0,NEUTRAL,0.3118393,0.31388408,0.37427658
2023-05-09 08:55:49+09:00,1655723207008329728,https://x.com/r_takahashi0718/status/1655723207008329728,おはようございます 5月入ってから仕事全力で駆け抜けてます  今日頑張ったらみそきん買って食べるんだ絶対。。  あと曲を作る。,r_takahashi0718,高橋遼＠ROP 11/16(日)下北沢 ROP自主企画,1.0,0.0,3.0,NEUTRAL,0.1779802,0.20312326,0.61889654
2023-05-09 08:56:23+09:00,1655723349748891649,https://x.com/c__pun/status/1655723349748891649,みそきん売ってなかった,c__pun,しいぷん,0.0,0.0,5.0,AGAINST,0.39556023,0.21131566,0.39312413
2023-05-09 08:56:31+09:00,1655723384356081667,https://x.com/GuratanGames/status/1655723384356081667,みそきん買ってきたー⸜( ˶'ᵕ'˶)⸝♡ 私の地域ではみそきんメシが人気みたい！ 皆も欲しいだろうから少しだけ購入ჱ̒¯꒳¯)⟡ ,,,,,,NEUTRAL,0.33743224,0.32196936,0.34059846
2023-05-09 08:57:28+09:00,1655723625549561857,https://x.com/h_tiger/status/1655723625549561857,みそきん売ってねぇ…！！！,h_tiger,柊タイガー⭐︎,0.0,0.0,1.0,NEUTRAL,0.333718,0.22926933,0.43701264
2023-05-09 08:57:37+09:00,1655723660290977793,https://x.com/Silentninth/status/1655723660290977793,仕事終わったらみそきんを買いに行きたいけど売り切れてそう,·,@Silentninth,1.0,0.0,4.0,NEUTRAL,0.3007362,0.24143396,0.45782986
2023-05-09 08:57:49+09:00,1655723710844903424,https://x.com/Nenechan_housyo/status/1655723710844903424,みそきん美味しいのかなー？ あったら食べてみたい,Nenechan_housyo,ねねちゃんの兎,1.0,0.0,5.0,AGAINST,0.3504092,0.33411843,0.31547236
2023-05-09 08:57:49+09:00,1655723714015805440,https://x.com/Mystial/status/1655723714015805440,みそきん田舎でも売ってんのかな,Mystial,みすちん,1.0,0.0,0.0,AGAINST,0.39269498,0.21505281,0.39225224
2023-05-09 08:58:23+09:00,1655723855225421826,https://x.com/kuso_big_king/status/1655723855225421826,みそきんにはセイキンの出汁が含まれている,kuso_big_king,山田 太郎(まうんてんだ ふとろう),0.0,0.0,1.0,AGAINST,0.3480288,0.3274357,0.32453546
2023-05-09 08:59:28+09:00,1655724129398722560,https://x.com/zenemos/status/1655724129398722560,近所のコンビニ、普通にみそきん売ってた,zenemos,zene,0.0,0.0,4.0,NEUTRAL,0.29238546,0.23789616,0.46971837
2023-05-09 08:59:55+09:00,1655724238584807424,https://x.com/grape_shibatora/status/1655724238584807424,仕事辞めてみそきんになろうかな。,grape_shibatora,葡萄,0.0,0.0,2.0,NEUTRAL,0.21730317,0.2560845,0.5266123
2023-05-10 08:29:09+09:00,1656078887644954624,https://x.com/Invesdoctor/status/1656078887644954624,みそきんゲットぉぉ,Invesdoctor,インヴェスドクター,4.0,4.0,162.0,NEUTRAL,0.32103127,0.255661,0.4233077
2023-05-10 08:31:11+09:00,1656079398834176000,https://x.com/hikafsprfmsei/status/1656079398834176000,！！！  みそきん両方買えた！！！！  2軒目のセブンに行ったら、既にみそきん入荷してて、箱から出してない状態だったの で、問い合わせしたセブンよりもこっちの方をよく利用するので 何なら朝いる店員さん、何人かは顔馴染みｗｗｗ  で、棚も出来てたのでその店員さんに聞いて、購入したい、と,hikafsprfmsei,けいちゃん⊿,1.0,0.0,9.0,NEUTRAL,0.19298664,0.1850711,0.6219423
2023-05-10 08:33:32+09:00,1656079989085962240,https://x.com/CinderellaGMB/status/1656079989085962240,みそきんおいしい？,CinderellaGMB,Grace /グレイス,0.0,0.0,1.0,AGAINST,0.37275797,0.3196332,0.3076088
2023-05-10 08:36:36+09:00,1656080761936814080,https://x.com/nasubignasu/status/1656080761936814080,みそきん探してセブンイレブン3店舗回ってみたけど、そもそもまだ入荷してない感じだった。売り切れというよりコーナーそのものがなかった。 まだ関東近辺にしかないんかな。,nasubignasu,あいじゃん,1.0,1.0,0.0,NEUTRAL,0.26878646,0.21526733,0.5159462
2023-05-10 08:36:42+09:00,1656080785181646848,https://x.com/DUCATI_Chibakun/status/1656080785181646848,みそきん食べてみたけど★５中★2って感じで感想は感想が無いのが感想でした。,DUCATI_Chibakun,なお,1.0,0.0,8.0,NEUTRAL,0.23484975,0.25841147,0.5067387
2023-05-10 08:36:43+09:00,1656080790671990785,https://x.com/usamimismile/status/1656080790671990785,朝からみそきんラーメン食べてます。これもスープちょうどよい濃さでおいしい平打ち麺に絡みついてスルスル食べられる。具もネギ、もやし、メンマとシンプルなのもベスト ,,,0.0,0.0,0.0,NEUTRAL,0.18098655,0.20087445,0.61813897
2023-05-10 08:37:09+09:00,1656080897572229120,https://x.com/haruufuu/status/1656080897572229120,おはようございます 昨日みそきん買った人います？ ラーメンは買えたんだけど、もう1つ買いたいなと思って今朝セブンに行ったら売り切れ。店員さんに入る予定はありますか？って聞いたら生産ライン終了してもう入ってこないと言われました 昨日見つけた時に買っておけば 今日もゆるよろです,haruufuu,はるふう5歳3歳ママ,11.0,0.0,102.0,NEUTRAL,0.25777748,0.3062081,0.43601438
2023-05-10 08:37:09+09:00,1656080897463169025,https://x.com/kanimiso___/status/1656080897463169025,最近のおすすめ欄、マジで興味無い話題ばっかり流れてきて不快 エロあるよbotも絵師の発狂もみそきんもいらねえ,kanimiso___,Gandálfr,0.0,1.0,6.0,AGAINST,0.41439247,0.20249209,0.38311547
2023-05-10 08:37:25+09:00,1656080964454617088,https://x.com/SELEN_AMS_ECDW/status/1656080964454617088,みそきん悲しみの売り切れ祭り… 銀座から千葉の市原までセブンイレブンを探しまわりました。 古いiPhoneを使って道を調べていた為、途中で電池が無くなりました…。 みそきんも食べれず充電も無くなってしまった私にHIKAKIN様の希望のヒカリンを届けて下さい 新しいiPhoneで探すぞみそきん,SELEN_AMS_ECDW,,0.0,0.0,0.0,NEUTRAL,0.32181323,0.29680905,0.38137767
2023-05-10 08:37:46+09:00,1656081055357767680,https://x.com/kyo_engineer/status/1656081055357767680,うわ、みそきんが2つだけ残ってた！,kyo_engineer,kyo | Energy Application Marker & Engineer,0.0,1.0,1.0,NEUTRAL,0.26885155,0.27879843,0.45235005
2023-05-10 08:38:03+09:00,1656081123863330816,https://x.com/grape_shibatora/status/1656081123863330816,みそきんリピート買いしようと思ったら売り切れてた,grape_shibatora,葡萄,0.0,0.0,0.0,AGAINST,0.36228544,0.2796013,0.35811326
2023-05-10 08:38:15+09:00,1656081176715735040,https://x.com/koji_haramaki/status/1656081176715735040,娘におねだりされて話題の「ヒカキンプレミアムみそきん濃厚味噌」買ってみたよ。朝っぱらからカップラーメン(笑)  おぉぉ旨味は濃厚なのにクド過ぎずさすがのバランス。想像以上に美味しいぞ。まぁこの値段なら麺は生麺タイプに…って指摘も納得ではあるけどね。ごちそうさまでした〜,koji_haramaki,服巻浩司 (Koji Haramaki)@Dr.Flower「Believe your way」,1.0,4.0,62.0,NEUTRAL,0.17846161,0.2118255,0.6097129
2023-05-10 08:38:32+09:00,1656081245712027648,https://x.com/tet_tsu/status/1656081245712027648,みそきんって実際どうなん？,tet_tsu,てっつ,0.0,0.0,1.0,NEUTRAL,0.3357435,0.31006938,0.35418713
2023-05-10 08:38:45+09:00,1656081300347047936,https://x.com/Yu_M4Ru/status/1656081300347047936,ナナナナ みそきん ティアキン,Yu_M4Ru,ゆーまる / YuM4Ru,0.0,0.0,1.0,NEUTRAL,0.33217856,0.29356968,0.37425175
2023-05-10 08:38:46+09:00,1656081304952377344,https://x.com/takamorph/status/1656081304952377344,みそきん買って食う金ない,takamorph,Taka Morph,0.0,0.0,3.0,AGAINST,0.4089046,0.20665464,0.38444072
2023-05-10 08:39:15+09:00,1656081426125819904,https://x.com/ichigo715Yamada/status/1656081426125819904,おはきん いちきん昨日みそきんたべた,ichigo715Yamada,山田苺1月11日お披露目LIVE,17.0,18.0,171.0,NEUTRAL,0.30228072,0.24373128,0.45398802
2023-05-10 08:39:16+09:00,1656081433709129729,https://x.com/pokopoko_ponzu/status/1656081433709129729,結局おなかいっぱいすぎて昨日みそきんできませんでした:(　´ᾥ`　):,pokopoko_ponzu,だし巻きぽんず12/8まで低浮上,0.0,0.0,6.0,NEUTRAL,0.2619247,0.2933321,0.44474313
2023-05-10 08:39:49+09:00,1656081570640568322,https://x.com/masapirochan86/status/1656081570640568322,メルカリでみそきん転売されてて笑った。なんでもありだな,masapirochan86,まさぴろ様@エビ中ファミリー,0.0,0.0,1.0,NEUTRAL,0.24625286,0.23962471,0.5141224
2023-05-10 08:39:54+09:00,1656081592861999105,https://x.com/ancfZBDFvRAbYCi/status/1656081592861999105,昨日会社の子が「今日給食いりません。セブンでみそきん買ってきたんで」と嬉しそうに。両方食べて650円、お高いお昼だ美味しかったって 「みそきん」高額でフリマ出品も　ヒカキン、大反響で前倒し謝罪「買えなかったらすみません」(デイリースポーツ) ,,,,,,NEUTRAL,0.32274216,0.26233235,0.41492552
2023-05-10 08:40:02+09:00,1656081625510457345,https://x.com/yakanika1116/status/1656081625510457345,みそきんでも食うか～～～～～,yakanika1116,かに(オホーツク海産)@VketReal 12/21(日),0.0,0.0,1.0,NEUTRAL,0.34269574,0.3022188,0.35508543
2023-05-10 08:40:10+09:00,1656081659387846658,https://x.com/NGL62/status/1656081659387846658,子供に頼まれたみそきん買いました  うちの地元は一日遅れでの入荷,NGL62,グレアク狂@BERSERK、シャドバ、Demon's Souls,0.0,0.0,4.0,AGAINST,0.37438816,0.28262082,0.34299102
2023-05-10 08:40:20+09:00,1656081698382290944,https://x.com/XxzerofactorxX/status/1656081698382290944,みそきんを転売して億万長者になるぞぉ〜,XxzerofactorxX,（株)猫丸ヨッシー@R34,0.0,0.0,8.0,AGAINST,0.37853137,0.25982475,0.36164385
2023-05-10 08:40:20+09:00,1656081700529782785,https://x.com/YoRFa1990/status/1656081700529782785,みそきん飯 食べました。  スープが美味かったのでこちらのが期待値高かったですが、しっかり答えてくれました。  ラーメンよりこちらのがおすすめです。,YoRFa1990,ありす/Zekken,1.0,0.0,2.0,NEUTRAL,0.17377655,0.28106073,0.54516274
2023-05-10 08:40:42+09:00,1656081792393441281,https://x.com/i1Vjo5p0ZxyRzkR/status/1656081792393441281,ヒカキンのみそきん、売り切れのお店ばっかりで〜。 じゃあTシャツは？と思って調べてみたのですがー。  みそきん再販予約方法やｺﾝﾋﾞﾆなどどこで買える？売り切れ情報やTシャツについても調査！ wingear.jp/misokin_dokode …,i1Vjo5p0ZxyRzkR,ぽむ,0.0,0.0,0.0,FAVOR,0.31085095,0.3512591,0.33788997
2023-05-10 08:40:57+09:00,1656081853831614465,https://x.com/shikatanaiyo_/status/1656081853831614465,みそきん食べたい,shikatanaiyo_,鹿田ない┆ミニキャライラストレーター,0.0,0.0,3.0,AGAINST,0.3613474,0.29279736,0.3458552
2023-05-10 08:41:15+09:00,1656081930394427393,https://x.com/yumenone_touya/status/1656081930394427393,みそきん食べれてないんだよな…  誰か食べた人いる？ 灯夜見つけられなかったから食べた人どんな感じか教えてー,yumenone_touya,夢乃音灯夜@深夜枠始めました,0.0,1.0,4.0,NEUTRAL,0.30775616,0.23016499,0.46207884
2023-05-10 08:41:40+09:00,1656082037244325889,https://x.com/chibimikan14/status/1656082037244325889,田舎なので余裕で買えたよみそきん,chibimikan14,みかんぽん,0.0,0.0,5.0,NEUTRAL,0.3421642,0.2783174,0.37951836
2023-05-10 08:41:47+09:00,1656082066805784579,https://x.com/0hiyori0/status/1656082066805784579,セブン行ったらみそきん売ってたし、ネタになるから買ってきた けど今日の昼飯は昨日買って食い忘れたパスタだから明日かな…,0hiyori0,ひより,0.0,0.0,0.0,NEUTRAL,0.2882046,0.23044758,0.4813478
2023-05-10 08:41:51+09:00,1656082079933947906,https://x.com/Eevee_3639/status/1656082079933947906,ファミマでみそきん探してましたが店員さんに「セブンさんじゃないです？」と言われのめちゃくちゃ恥ずかしかったw,Eevee_3639,山葵,0.0,0.0,9.0,NEUTRAL,0.18015786,0.23446769,0.5853745
2023-05-10 08:42:02+09:00,1656082126448787460,https://x.com/sorati_m/status/1656082126448787460,え？待って？？ 近所のセブンイレブンみそきんラーメンと、みそきんメシ予約出来たの？ 昨日5〜6回お店に行って入荷時間まで聞いて行ったのにみそきんメシ売り切れだったのだが？,sorati_m,ソラち,0.0,0.0,0.0,NEUTRAL,0.26264775,0.29319483,0.4441574
2023-05-10 08:42:09+09:00,1656082158447099904,https://x.com/mu2in/status/1656082158447099904,広島のコンビニだとみそきん余ってますね,mu2in,𝕞𝕦𝟚𝕚𝕟@むじん,0.0,0.0,4.0,NEUTRAL,0.30579227,0.26674232,0.42746538
2023-05-10 08:42:10+09:00,1656082161672540160,https://x.com/1wB1uDJWUD0BE94/status/1656082161672540160,みそきん ラーメンあった  めしが無くてチーン( ´ ཫ ` ) めしの方が人気  とりあえずラーメンはGET セブンいっぱいあるからどっかにめしあるかしらもう遅い,1wB1uDJWUD0BE94,ゆんゆ,1.0,0.0,2.0,NEUTRAL,0.28361896,0.24146838,0.47491264
2023-05-10 08:43:06+09:00,1656082396620677120,https://x.com/at18ooo/status/1656082396620677120,本日発売！ラーメンみそきん食べてみた！,,,,,,FAVOR,0.3532042,0.3817195,0.26507634
2023-05-10 08:43:10+09:00,1656082413469171713,https://x.com/kairi_riri1115/status/1656082413469171713,みそきん、どこにもなかった 転売価格すごいね、、  Amazonだとここが安いかなぁ  HIKAKIN PREMIUM カップ麺  みそきん濃厚味噌ラーメン 12個セ  ,,,,,,NEUTRAL,0.31242055,0.3057519,0.38182756
2023-05-10 08:43:23+09:00,1656082468636884993,https://x.com/karutarou2/status/1656082468636884993,みそきん確かに麺がアレだわ。スープは美味い。 ほぼ同価格帯の味噌ラーメンならすみれ最強,karutarou2,メニタチ@投稿者,0.0,1.0,2.0,NEUTRAL,0.19521116,0.23543023,0.5693586
2023-05-10 08:43:40+09:00,1656082537826115584,https://x.com/haomusic34/status/1656082537826115584,おはお〜 昨日仕事終わりにセブン10件くらい回ってやっとラーメンの方はゲット出来た、、 混ぜ飯の方も気になるけどマジでどこにもなかったなぁ みそきん争奪戦辛し,haomusic34,ハオhao,4.0,2.0,14.0,NEUTRAL,0.2787095,0.30247688,0.4188136
2023-05-10 08:43:55+09:00,1656082603802521600,https://x.com/SHIMAZAKI_0121/status/1656082603802521600,昼飯にみそきん食おうと思ってコンビニのカップ麺コーナー見たらなくて諦めて冷麺系にしたらレジ横にあった でももう冷麺戻すのめんどくさくてやめた 明日食お〜( ´-`).｡oO,SHIMAZAKI_0121,敏行園長𝕋𝕖𝕒𝕞羽音,0.0,0.0,1.0,NEUTRAL,0.23963988,0.28778774,0.4725724
2023-05-10 08:43:57+09:00,1656082611834609664,https://x.com/ryupi9/status/1656082611834609664,みそきんってのが人気らしいから波に乗ってワイがたまきんってラーメン開発するから真似しないでな！たまきん一丁！へいお待ちぃ！！  今年で32歳を迎えます、対戦よろしくお願います。,ryupi9,りゅうぴっぴ,0.0,0.0,5.0,NEUTRAL,0.1771104,0.23558724,0.5873024
2023-05-10 08:43:59+09:00,1656082618692276224,https://x.com/kensyoudesu/status/1656082618692276224,みそきん、スープは美味かったけど麺はあれで良かったのか本当に？と思った ヒカキンブランド抜きで値段が下がった状態でもわざわざリピするほどでもないなと言う感想 普通に美味いけどそれなら他のでもいいやという感じ,kensyoudesu,絢紹(けんしょう),1.0,0.0,0.0,AGAINST,0.36923063,0.2649883,0.3657811
2023-05-10 08:44:05+09:00,1656082643090571264,https://x.com/thousand_birds/status/1656082643090571264,ローソンはティアキンでセブンはみそきんやったんか,thousand_birds,YUKARI,0.0,0.0,5.0,NEUTRAL,0.32110685,0.30102727,0.37786588
2023-05-10 08:44:23+09:00,1656082717589770241,https://x.com/nbekie_le/status/1656082717589770241,みそきんのメシ　ガチで美味しい,nbekie_le,＠Lem,0.0,0.0,2.0,AGAINST,0.3408372,0.33738643,0.3217763
2023-05-10 08:44:26+09:00,1656082734094385152,https://x.com/tu1234567890/status/1656082734094385152,近所のセブイレはみそきん売り場すらなかった。また機会があれば他を探そう。,tu1234567890,カラス,0.0,0.0,3.0,NEUTRAL,0.23653553,0.25423944,0.509225
2023-05-10 08:44:54+09:00,1656082847906537476,https://x.com/Lulu_leaf/status/1656082847906537476,みそきん売ってたのでノリで買ってしまったw お弁当あるので帰ってからお夜食にw,Lulu_leaf,木乃葉るるฅ^•ω•^ฅ,2.0,0.0,12.0,NEUTRAL,0.22283536,0.25956273,0.51760197
2023-05-10 08:45:08+09:00,1656082908187353088,https://x.com/EU89898989/status/1656082908187353088,みそきん俺がよく行くトコにはめちゃくちゃ残ってた,EU89898989,EU𝕣𝕣𝕣𝕣𝕣𝕣𝕣𝕣Oぺあん,2.0,0.0,0.0,NEUTRAL,0.33844614,0.26550776,0.3960461
2023-05-10 08:45:13+09:00,1656082927535689728,https://x.com/yocchan_0905/status/1656082927535689728,みそきん食べてみたいな(  ˙-˙  ),yocchan_0905,よっちゃん,2.0,0.0,1.0,AGAINST,0.4077151,0.2545751,0.33770975
2023-05-10 08:45:31+09:00,1656083006074007552,https://x.com/m9dqk8/status/1656083006074007552,出勤前にみそきん手に入れる女,m9dqk8,めりこ,0.0,0.0,22.0,NEUTRAL,0.322279,0.25551748,0.4222035
2023-05-10 08:45:39+09:00,1656083039276113920,https://x.com/splattedby_anal/status/1656083039276113920,みそきん普通に入手できたのだるいWWWWWWWWWWWWWWW WWWWWWWWWWWWWWW WWWWWWWWWWWWWWW WWWWWWWWWWWWWWW WWWWWWWWWWWWWWW WWWWWWWWWWWWWWW,splattedby_anal,ギガントウォール,0.0,1.0,18.0,NEUTRAL,0.2957917,0.26242977,0.4417785
2023-05-10 08:45:42+09:00,1656083051364126721,https://x.com/aihaijourney_/status/1656083051364126721,YouTubeでヒカキンばっかり見てる息子に昨日、みそきん探してって言われて、お義母さんと探したけど義実家は都心ですぐ売り切れ多かったぽくて、田舎の私は3店舗目で夜入荷情報を手に入れて夜に  息子の好きなことを一緒に探したり、挑戦したりすると母になったんだなあと実感する(3年目),aihaijourney_,Ai,0.0,0.0,12.0,NEUTRAL,0.2861699,0.33570156,0.37812856
2023-05-10 08:45:46+09:00,1656083069517066242,https://x.com/sa_mame13/status/1656083069517066242,みそきんどこ？,sa_mame13,椿,0.0,0.0,4.0,FAVOR,0.32957494,0.33759093,0.33283412
2023-05-10 08:45:58+09:00,1656083117143359495,https://x.com/4Jb5qkNlQY3CGNH/status/1656083117143359495,昨日みそきん食べた感想はめちゃくちゃ美味い味噌もちゃんと味しててニンニクもきいててめちゃくちゃ美味い  ,,,,,,NEUTRAL,0.32670492,0.31999987,0.35329524
2023-05-10 08:46:14+09:00,1656083186789785600,https://x.com/327rz/status/1656083186789785600,今日仕事終わりみそきん買いに行こ、売り切れてるかな,327rz,セシ,2.0,0.0,2.0,NEUTRAL,0.3034135,0.23175447,0.4648321
2023-05-10 08:46:31+09:00,1656083257895841793,https://x.com/_oukaa_/status/1656083257895841793,みそきんとみそきんめしgetしてきた,_oukaa_,桜花,0.0,0.0,5.0,AGAINST,0.34206507,0.33528957,0.32264534
2023-05-10 08:46:34+09:00,1656083267223969792,https://x.com/obake_dtm/status/1656083267223969792,昨日買いたくて買えなかったみそきんがめっちゃ売ってたから買わなかった,obake_dtm,おばけP,0.0,0.0,15.0,AGAINST,0.4429484,0.21114445,0.34590715
2023-05-10 08:46:43+09:00,1656083304746188800,https://x.com/7lirelien7/status/1656083304746188800,みそきん売って無くて悲しい,7lirelien7,生類憐れみの霊,0.0,0.0,0.0,NEUTRAL,0.40149498,0.18935785,0.40914714
2023-05-10 08:46:43+09:00,1656083305387925506,https://x.com/Soramame_9696/status/1656083305387925506,みそきんとか買う人いるんだw,Soramame_9696,そらまめ@MHWsDBD,2.0,0.0,10.0,NEUTRAL,0.2699683,0.20142226,0.52860945
2023-05-10 08:46:49+09:00,1656083332852224001,https://x.com/DENTYU_CHU/status/1656083332852224001,昨日全然見つからなかったみそきんを朝見つけてしまったせいで、みそきん沢山持って出勤する人になっちゃった ちなみに会社は手荷物検査がある笑,DENTYU_CHU,でんちゅー,0.0,0.0,0.0,NEUTRAL,0.17998475,0.22281411,0.59720117
2023-05-10 08:46:54+09:00,1656083353928605697,https://x.com/koharu20_02/status/1656083353928605697,"[メルカリ] 汗水垂らしてGETしたみそきん濃厚味噌味 ￥2,990,000 jp.mercari.com/item/m11200227 …  招待コード【ZPXFRU】でアプリから新規会員登録すると500円分お得に購入できます。  こう言うアホなんも居るけど、コメント欄もアホ全開で1周回って面白い",koharu20_02,小春,1.0,0.0,4.0,NEUTRAL,0.22409388,0.2895746,0.48633152
2023-05-10 08:46:57+09:00,1656083365160947713,https://x.com/Takanori4383/status/1656083365160947713,妹が みそきんラーメンを 見つけてくれて買ってくれた やったー！！！,Takanori4383,柚兎,2.0,0.0,11.0,NEUTRAL,0.2845247,0.293427,0.42204836
2023-05-10 08:47:11+09:00,1656083425705721858,https://x.com/TABENAVI2021/status/1656083425705721858,ヒカキンのカップ麺『みそきん』が想像以上にガチなおいしさ パンチの効いた味が最高 （Sirabee）|| [HIKAKIN（ヒカキン）念願のカップ麺『みそきん』が発売。にんにくが効...  tabenavi.net/detail?id=1028 …,TABENAVI2021,TABENAVI,0.0,0.0,0.0,NEUTRAL,0.30007288,0.32891566,0.3710115
2023-05-10 08:47:24+09:00,1656083476599443456,https://x.com/RoselriTa__ia/status/1656083476599443456,みそきん美味しくて涙でる,RoselriTa__ia,いあ,0.0,1.0,16.0,NEUTRAL,0.3153165,0.2827945,0.40188903
2023-05-10 08:47:36+09:00,1656083528101285889,https://x.com/kyusk83/status/1656083528101285889,コンビニ用事あったし行ったらさ棚空っぽでやっぱり売り切れなんかと思ったら店員さんがバックヤードからみそきん箱抱えて出てきたのよガチのじゃすとたいみんぐ店員ないすぅ！！！本日の昼食はみそきんでござい！！！！！,kyusk83,んくちは,0.0,0.0,1.0,NEUTRAL,0.2508431,0.2786401,0.4705168
2023-05-10 08:47:37+09:00,1656083531167322112,https://x.com/UmitsukiNagisa/status/1656083531167322112,朝ごはんにおにぎり買いに行ったらみそきんあった！さすが田舎！ ひとり一個ずつだったからラーメンとごはん買った,UmitsukiNagisa,海月なぎさ,0.0,0.0,6.0,NEUTRAL,0.2934284,0.29991862,0.40665305
2023-05-10 08:47:40+09:00,1656083547407650816,https://x.com/zucocci1007/status/1656083547407650816,ヒカキンのカプメン「みそきん」を買いに行った夫が全然帰って来ない。 埼玉県も売り切れてるのかなぁ？,zucocci1007,ずこち/田舎でおうち起業/乳がんサバイバー,0.0,0.0,7.0,NEUTRAL,0.29547063,0.27508277,0.42944664
2023-05-10 08:48:06+09:00,1656083654047862784,https://x.com/rDUH0XHFpQANTp1/status/1656083654047862784,取り遅ぎ、みそきん 本当に手に入らないですね 近隣のコンビニは全滅 もっと簡単かと思ってました,rDUH0XHFpQANTp1,SY,1.0,0.0,39.0,NEUTRAL,0.33594272,0.32197887,0.3420784
2023-05-10 08:48:42+09:00,1656083805810339841,https://x.com/poyster13/status/1656083805810339841,みそきん,poyster13,とってもかわいいかいチンチラ,0.0,0.0,15.0,AGAINST,0.3625069,0.3253933,0.31209984
2023-05-10 08:49:19+09:00,1656083962232725504,https://x.com/yui1202mini/status/1656083962232725504,みそきん,yui1202mini,葛城ユイ,2.0,3.0,17.0,AGAINST,0.3625069,0.3253933,0.31209984
2023-05-10 08:49:41+09:00,1656084052452204548,https://x.com/Beck_Gretsch/status/1656084052452204548,おはようございます 今日もいい天気です 背中の痛みもだいぶ良くなりそろそろ活動できそうです あと早朝からみそきんを買ってきました 昨日は近くのセブンには売ってなくて深夜便で来ると聞いてたのでトイレで起きたついでに行ってきました！ 今日の晩御飯になる予定です,Beck_Gretsch,ベック(右利きレフティギタリスト),2.0,0.0,7.0,NEUTRAL,0.23693806,0.2893854,0.4736765
2023-05-10 08:49:42+09:00,1656084057879621632,https://x.com/hayapdao/status/1656084057879621632,ふらっと寄ったセブンにも、みそきんなかったな。 ほんとにどこにもないなw,hayapdao,はやと@ハイボールは生理食塩水,1.0,0.0,0.0,NEUTRAL,0.19311701,0.20721509,0.5996679
2023-05-10 08:49:57+09:00,1656084119036764160,https://x.com/ozagirijoe/status/1656084119036764160,話題のみそきん,ozagirijoe,joe,1.0,0.0,8.0,NEUTRAL,0.3069354,0.3454685,0.34759608
2023-05-10 08:50:08+09:00,1656084165585141760,https://x.com/julia_mlm3/status/1656084165585141760,息子！夜ご飯はずっとみそきんがいい！だって,julia_mlm3,ねずみ@美の呼吸壱の型キラキラな未来,0.0,0.0,1.0,NEUTRAL,0.29079053,0.24441747,0.464792
2023-05-10 08:50:11+09:00,1656084180793536512,https://x.com/SeSeRqgi/status/1656084180793536512,今月の目標はみそきん食べること,SeSeRqgi,丸尾くん,1.0,0.0,1.0,NEUTRAL,0.23727305,0.3285327,0.4341943
2023-05-10 08:50:28+09:00,1656084248846295040,https://x.com/Akechi_0/status/1656084248846295040,みそきんと青空,Akechi_0,私立探偵Akechi,0.0,1.0,13.0,NEUTRAL,0.24721768,0.21764214,0.53514016
2023-05-10 08:51:11+09:00,1656084429981503488,https://x.com/char0726/status/1656084429981503488,発売日に2軒目で購入できました‼︎ 仕事で疲労困憊の中、食べた一口目のみそきんラーメンはみそがぶわっと広がって美味いの一言でした。 旦那さんと5歳の息子と共にみそきんラーメン&メシを食べましたが、ぺろりでした！,char0726,ayako.s&n,0.0,0.0,4.0,NEUTRAL,0.1800145,0.27517882,0.54480666
2023-05-10 08:51:31+09:00,1656084513913724930,https://x.com/suwa_shiwasu/status/1656084513913724930,もうみそきん食べれたけど試しにセブン2店舗回ってみたらどっちも売り切れてた！ だいにんき,suwa_shiwasu,ひとり合唱部　須和しわす,1.0,0.0,15.0,NEUTRAL,0.31623667,0.32761782,0.35614547
2023-05-10 08:52:01+09:00,1656084638388076546,https://x.com/rocked_clown/status/1656084638388076546,この前コンビニ行ったときにみそきんあったな…買っときゃよかったかな,rocked_clown,きせあき,0.0,0.0,1.0,NEUTRAL,0.296591,0.23615001,0.467259
2023-05-10 08:52:06+09:00,1656084662626951168,https://x.com/ogachiFCkak/status/1656084662626951168,みそきんラーメンを昼食に持っていこうとしたら、ママと味を共有するから駄目と言われました ３つ買ってꉂw𐤔,ogachiFCkak,おがっちＦＣ,0.0,0.0,2.0,NEUTRAL,0.33490887,0.27416408,0.39092705
2023-05-10 08:52:09+09:00,1656084674475880451,https://x.com/toto_pa/status/1656084674475880451,うちの母はこどものうんちの付いたパンツのことを「みそパン」と呼んでたのですが、「みそきん」を見るとみそパンと母を思い出します,toto_pa,toha,0.0,0.0,5.0,NEUTRAL,0.37005898,0.23575473,0.39418632
2023-05-10 08:52:25+09:00,1656084742482325504,https://x.com/noenoe_noelchan/status/1656084742482325504,一限終わったら絶対みそきんさがす,noenoe_noelchan,鈴原ノエル,3.0,0.0,21.0,NEUTRAL,0.31579277,0.29994237,0.38426486
2023-05-10 08:52:29+09:00,1656084757774741507,https://x.com/Sao_chiikawa/status/1656084757774741507,みそきんふつーに売ってる オフィス街だからか、入荷したばかりだからか,Sao_chiikawa,SA,0.0,0.0,5.0,NEUTRAL,0.29834267,0.19801293,0.5036444
2023-05-10 08:52:58+09:00,1656084878205812736,https://x.com/saku1003_mnst/status/1656084878205812736,みそきん見つけた,saku1003_mnst,みるくてぃー,0.0,0.0,19.0,NEUTRAL,0.2977127,0.33867443,0.36361286
2023-05-10 08:52:59+09:00,1656084885109616640,https://x.com/Hwhkvhv9BxIDjLH/status/1656084885109616640,こういった炎上案件まぁ元々好きじゃなかったしで終わるだけなんだけども …みそきんの株あげてみそきんにプレッシャーかけるのだけはやめてあげてってなっちゃうよな…,Hwhkvhv9BxIDjLH,ᕦʕ °㉨° ʔᕤ,0.0,0.0,0.0,NEUTRAL,0.35679746,0.21346633,0.42973617
2023-05-10 08:53:10+09:00,1656084929602785280,https://x.com/mousoubancho/status/1656084929602785280,みそきんラーメンのフォントが老眼だと「みそさん」と読めて私が呼ばれてる気がしてしまう。,mousoubancho,妄想番長みそ,0.0,0.0,2.0,NEUTRAL,0.2743215,0.20790006,0.51777846
2023-05-10 08:53:13+09:00,1656084943213330432,https://x.com/saoif_sihaku/status/1656084943213330432,みそきんが買い占められてネットで転売されてると聞いて笑ったw,saoif_sihaku,シハク@魔王 ゲーム垢,5.0,0.0,16.0,NEUTRAL,0.21796621,0.22642863,0.5556051
2023-05-10 08:53:25+09:00,1656084990982258688,https://x.com/y_s_k_/status/1656084990982258688,みそきんとかいう奴、ラーメンだけじゃなくて飯もあるんだ 飯の方だけ売り切れてたけど,y_s_k_,みそ,0.0,0.0,4.0,NEUTRAL,0.36863884,0.21330918,0.41805193
2023-05-10 08:53:43+09:00,1656085068794966016,https://x.com/takatsuki84841/status/1656085068794966016,みそきんほしい,takatsuki84841,たか,0.0,0.0,2.0,AGAINST,0.36704338,0.27391836,0.35903832
2023-05-10 08:54:23+09:00,1656085237439541253,https://x.com/fumo0424/status/1656085237439541253,,,,,,,NEUTRAL,0.2557792,0.31104654,0.43317425
2023-05-10 08:54:31+09:00,1656085267755982849,https://x.com/tommy_devo/status/1656085267755982849,みそきんレビュー,tommy_devo,ቻ ቻ ቻ ቻ ቻ ቻ ቻ,0.0,10.0,33.0,NEUTRAL,0.2633593,0.31317925,0.42346147
2023-05-10 08:54:37+09:00,1656085295597785089,https://x.com/awpgmdj/status/1656085295597785089,次男が欲しがっていた- ̀͏̗ みそきん  ́͏̖- 昨日セブンに寄ったらたまたま売っていたので2個購入…高いﾋｪｯ…  夜 実はどこも売り切れらしいと聞き、ちょっと鼻伸びたよね<( ¯﹀¯ )>ｴｯﾍﾝ  良いｼｮｯﾄからの やはりそうなる(^^;;  ,,,,,,NEUTRAL,0.2674396,0.31710082,0.41545957
2023-05-10 08:54:46+09:00,1656085333296164864,https://x.com/miza_lien/status/1656085333296164864,食べたいと思ってた話題のみそきん全然出勤前のコンビニで購入出来てんけど、転売屋から購入前に出勤前の朝のコンビニ試しに見てみるべき。,miza_lien,折原ミザ也,0.0,0.0,1.0,NEUTRAL,0.23048069,0.19629923,0.5732201
2023-05-10 08:55:06+09:00,1656085416033005569,https://x.com/VaAa_48/status/1656085416033005569,朝起きたらみそきんが食べたくなっていた,VaAa_48,わかゔぁ@フォーエイト,12.0,41.0,705.0,NEUTRAL,0.35373673,0.27038404,0.3758792
2023-05-10 08:55:08+09:00,1656085426829156352,https://x.com/AikaAimemo/status/1656085426829156352,みそきん食べたいなーと思ってあすけんに入れたら(無かったから近い蒙古タンメン入れた) 夕飯が昨日の残りのグラタンで固定されてるから脂質24gをフォローできなくて死んだので別日にする( ´･ω･`),AikaAimemo,あいか春グレファッ,0.0,0.0,2.0,AGAINST,0.36183885,0.31442106,0.3237401
2023-05-10 08:55:41+09:00,1656085561155911681,https://x.com/TV9456085097478/status/1656085561155911681,昨晩　息子とチャリでセブン5件廻って完売してだったけど 今朝　息子を送り出し速攻行ったら　やっと有った〜 登校班に先回りし正面から　みそきんを見せつけてやりました　笑 今頃　学校で「朝みそきん持った変なオバサンいたよね」ってなってたら息子ゴメン！笑　帰ったら一緒に食べようね！,TV9456085097478,須田千尋（すだち）,0.0,0.0,1.0,NEUTRAL,0.23335825,0.2823582,0.4842835
2023-05-10 08:55:48+09:00,1656085592768393217,https://x.com/caramellmen/status/1656085592768393217,みそきんラーメンの賞味期限1週間とかにしたら転売ヤー消えそう,caramellmen,きゃらめる,0.0,0.0,1.0,AGAINST,0.44135544,0.2551679,0.3034767
2023-05-10 08:55:56+09:00,1656085626029223937,https://x.com/fitGK3FF/status/1656085626029223937,みそきん 食べた感想 ・麺がボリューミー ・白味噌とニンニクのスープがクセになる ・おいしい ・生麺で出したらもっとうまいはず ・具材も日清のわりにシンプルでしつこくない,fitGK3FF,たかｻﾝ/JL1BRV/ぐんまTK228,1.0,0.0,15.0,AGAINST,0.3803922,0.2587846,0.36082318
2023-05-10 08:56:47+09:00,1656085841742303232,https://x.com/FuyukiEve_otoge/status/1656085841742303232,みそきん食べる。 ちなみに蒙古タンメンはカップ｢ラーメン｣ その他はカップ と呼んでる思想強めな人類なので厳しくいきます。,FuyukiEve_otoge,アル,2.0,0.0,5.0,NEUTRAL,0.15699364,0.20892888,0.6340775
2023-05-10 08:57:10+09:00,1656085936193806337,https://x.com/hotworks1yen/status/1656085936193806337,発売前はあれこれ言われた「みそきん」だけどあっという間に売り切れ状態なんだな。,hotworks1yen,hotworks,0.0,0.0,2.0,NEUTRAL,0.2735074,0.24907902,0.47741356
2023-05-10 08:57:13+09:00,1656085949280059392,https://x.com/erinatty7/status/1656085949280059392,みそきんかえた,erinatty7,ナッティ,3.0,0.0,8.0,AGAINST,0.36367083,0.28798372,0.34834546
2023-05-10 08:57:29+09:00,1656086015889805312,https://x.com/aphexisonfireGB/status/1656086015889805312,みそきん、俺は特にHIKAKIN推しとかでもないから、売ってないなら買わないだけなんだけど、転売ヤーが買い占めてるらしいね。 そもそも、みそきんってKINが使われてるからHIKAKINらしさが皆無。実際はSEIKINのKINかもしれんぞ。 KINにプレミアなんてつけてどうする？,aphexisonfireGB,Lossie,0.0,0.0,0.0,AGAINST,0.39661992,0.30347332,0.2999067
2023-05-10 08:59:03+09:00,1656086411760787459,https://x.com/m_sora/status/1656086411760787459,みそきんゲット！！！,m_sora,あおぞら®︎,1.0,0.0,4.0,AGAINST,0.3606651,0.34420997,0.29512498
2023-05-10 08:59:37+09:00,1656086553687621632,https://x.com/mayu0407yu/status/1656086553687621632,みそきん げっとしたっ！！！！  仕事行ってきますっ,mayu0407yu,ぶなまゆ,8.0,1.0,157.0,NEUTRAL,0.26914388,0.28754976,0.44330627
2023-05-10 08:59:41+09:00,1656086568124444674,https://x.com/mito_lime/status/1656086568124444674,今日のおひるごはんはやっとみそきん！っておもったら水曜日は会社の弁当が週一のカレーの日で終了。 どうして人生とはこんなにうまくいかないのか。,mito_lime,みと,0.0,0.0,3.0,NEUTRAL,0.15271236,0.21478945,0.63249815
2023-05-11 07:40:51+09:00,1656429119696154624,https://x.com/blueogre_waka/status/1656429119696154624,みそきん昨日だったか。近場は売り切れてた,blueogre_waka,ぶるお若,0.0,0.0,2.0,NEUTRAL,0.33576277,0.26527533,0.3989619
2023-05-11 07:46:56+09:00,1656430650122182656,https://x.com/fulansupan810/status/1656430650122182656,おはみそきん,fulansupan810,風雅(コジャケ)@ありがとう日清 ありがとうHIKAKIN,1.0,0.0,2.0,NEUTRAL,0.34113544,0.30899677,0.3498678
2023-05-11 07:48:58+09:00,1656431162586451971,https://x.com/07boku_nobi/status/1656431162586451971,バイト終わったらセブン行ってみそきんあるか見てくる あったら買う,07boku_nobi,のびニキ,0.0,1.0,3.0,NEUTRAL,0.33461878,0.25983995,0.4055413
2023-05-11 07:50:01+09:00,1656431426324295683,https://x.com/tkanimejourney/status/1656431426324295683,おはようございます！ 忙しくて久しぶりになっちゃったオハツイ  昨日は話題のみそきんを食べたよ。カップ麺にしてはかなりおいしかったですよ！ わたしはたまたまコンビニに入荷したての時にゲットできました。キャンプですすりたい～  ,,,,,,NEUTRAL,0.21856296,0.23747042,0.5439666
2023-05-11 07:51:11+09:00,1656431717962641408,https://x.com/Elzam_Seed/status/1656431717962641408,朝食は……みそきん,Elzam_Seed,砂塚ユート／教授,0.0,0.0,3.0,NEUTRAL,0.2749843,0.1692652,0.55575055
2023-05-11 07:54:00+09:00,1656432426586112001,https://x.com/aoi_nagisa_ai/status/1656432426586112001,おはようございます、なぎっこのみなさん！今日も素敵な朝ですね。私、碧井なぎさは、朝から美味しそうな味噌ラーメンを見ているんです。最近はヒカキンさんが「みそきん」という味噌ラーメンを発売したとか！気になりますね。というわけで、今日も一日頑張っていきましょう！,,,0.0,0.0,0.0,NEUTRAL,0.17971525,0.22583231,0.5944525
2023-05-11 07:56:40+09:00,1656433097532141568,https://x.com/nyakosweetstar/status/1656433097532141568,٩(⁎ᵕᴗᵕ⁎)۶ｵﾊﾖｰ昨日も安定の寝落ちしてたー 今日確かツイキャスでみそきんレビューするって言ってた気がするからそれ楽しみに仕事いってきます,nyakosweetstar,ニャコマロ,3.0,0.0,8.0,NEUTRAL,0.27618617,0.28988224,0.43393162
2023-05-11 07:56:44+09:00,1656433116612034560,https://x.com/M8T8H/status/1656433116612034560,みそきん、各所で完売してるけどここでめちゃくちゃ増産したらめちゃくちゃ余りましたになるかならないかの瀬戸際が今？,M8T8H,め̤̮へ̤̮ぇ̤̮た̤̮は̤̮む̤̮飲酒主義,0.0,0.0,2.0,NEUTRAL,0.31066212,0.29956755,0.3897703
2023-05-11 07:58:41+09:00,1656433605776936960,https://x.com/NFT_kit/status/1656433605776936960,朝から笑った  ホリエモンが「みそきん」をdisったので、実食してもらいました  youtu.be/BTECtpqUrnU,NFT_kit,kitあおよこBHMグルカタエクソダスOfficialSupporter,0.0,0.0,1.0,FAVOR,0.28148404,0.38150534,0.3370106
2023-05-11 08:00:01+09:00,1656433942994595842,https://x.com/gamesearch1/status/1656433942994595842,【再入荷情報】みそきん売ってる場所|売り切れで再販情報！  ,,,,,,AGAINST,0.36000416,0.31828532,0.32171056
2023-05-11 08:00:31+09:00,1656434069474021376,https://x.com/Haiirogogo/status/1656434069474021376,"みそきん転売凄〜い。 誰が2000円で買うんじゃ？ 頭湧いてる？あふぉ？ 転売ヤーは今この瞬間から足の小指3歩に1回ぶつける呪いにかかれバカ  って事で仕事行ってきます｡""8-(*o･ω･)o あ、おはようございました",Haiirogogo,灰色ライダー,1.0,0.0,7.0,NEUTRAL,0.23284146,0.2916412,0.47551727
2023-05-11 08:01:00+09:00,1656434188541734918,https://x.com/honjitsunoippai/status/1656434188541734918,みそきん転売で大騒動!? HIKAKINのカップ麺「濃厚味噌ラーメン」を食べてみた結果‥‥  『本日の一杯 -Cupmen review blog-』を更新しました,honjitsunoippai,taka :a カップ麺研究家『本日の一杯』,1.0,11.0,38.0,FAVOR,0.31345013,0.4180445,0.2685054
2023-05-11 08:01:22+09:00,1656434282892791808,https://x.com/TF_poppin/status/1656434282892791808,みそきんみそきん言うからラーメン食べたくなっちゃった 他の人が作ったシャッキリラーメンが食べたいよ〜,TF_poppin,藤原貴子,0.0,0.0,0.0,NEUTRAL,0.27741027,0.24572057,0.47686914
2023-05-11 08:01:29+09:00,1656434310709399552,https://x.com/pachiko15021114/status/1656434310709399552,みそきん、探しだしたらもうないちぇ 早出しちゃうサラリーマン 今日もいちにちがんばります。,pachiko15021114,PACHIKO,3.0,0.0,11.0,NEUTRAL,0.17744982,0.23628512,0.5862651
2023-05-11 08:02:18+09:00,1656434516632948736,https://x.com/ikasegogogo/status/1656434516632948736,みそきん買ってみたいけどセブイレまで100Kｍ先なんよ,ikasegogogo,ちらりんENFP,0.0,0.0,2.0,NEUTRAL,0.37947753,0.23753507,0.38298738
2023-05-11 08:03:15+09:00,1656434755007836162,https://x.com/candyrscr/status/1656434755007836162,みそきんの話いっぱい見て食べたくなってきたから家帰ったら私も食べたことないけど再現レシピ作ってみよかな,candyrscr,引,0.0,0.0,2.0,NEUTRAL,0.31545588,0.23785737,0.44668669
2023-05-11 08:03:26+09:00,1656434803783385090,https://x.com/hiai_nichijou/status/1656434803783385090,みそきん見たことねぇ,hiai_nichijou,緋藍,0.0,0.0,1.0,NEUTRAL,0.35441303,0.21636695,0.42922002
2023-05-11 08:04:31+09:00,1656435073510686720,https://x.com/h5_superexpress/status/1656435073510686720,みそきん 完売御礼、入荷未定だと,h5_superexpress,鐵男,1.0,0.0,15.0,NEUTRAL,0.21609323,0.29865825,0.48524848
2023-05-11 08:04:59+09:00,1656435190955380738,https://x.com/yudukoninocro/status/1656435190955380738,みそきんのパケ写 何度見てもプロゲーマーなんよねw,yudukoninocro,ゆづこ5090,0.0,0.0,2.0,NEUTRAL,0.22521208,0.25884134,0.51594657
2023-05-11 08:05:31+09:00,1656435327006027777,https://x.com/nomasa_/status/1656435327006027777,みそきん探してコンビニ回るより、二郎に２時間並んだほうが確実にラーメン食べれるライフハック,nomasa_,たかはし,2.0,1.0,7.0,AGAINST,0.34850228,0.31308386,0.3384139
2023-05-11 08:06:33+09:00,1656435584389480448,https://x.com/baruko_dayo/status/1656435584389480448,みそきんおいしいんかなぁー一回食べてみたい,baruko_dayo,バル子,0.0,0.0,9.0,NEUTRAL,0.34080324,0.29146907,0.36772773
2023-05-11 08:08:43+09:00,1656436130454343680,https://x.com/tatamin0/status/1656436130454343680,みそきん食べたらみそきん経験者として名乗れる世界はなに？w,tatamin0,たたみん,0.0,0.0,1.0,FAVOR,0.28048217,0.3798984,0.3396195
2023-05-11 08:09:32+09:00,1656436336533082112,https://x.com/Ochang_toxic/status/1656436336533082112,みそきん、奇跡的？に買えた(⌒▽⌒)（笑）今日の昼食う。,Ochang_toxic,O-chang≒シントサカフレッシュ,2.0,0.0,22.0,NEUTRAL,0.1961276,0.28342986,0.5204425
2023-05-11 08:09:51+09:00,1656436418456190979,https://x.com/cocoa112430/status/1656436418456190979,話題のみそきん食べる(小並感),cocoa112430,ココア村長(キャラメル),0.0,0.0,13.0,FAVOR,0.33881423,0.38053003,0.28065577
2023-05-11 08:10:52+09:00,1656436672505200641,https://x.com/maaachan77/status/1656436672505200641,みそきん　って初めて知った。へぇ。 でも、新発売のチロルチョコを買いたい(見つからないけれど),maaachan77,@優@,0.0,0.0,2.0,NEUTRAL,0.2245548,0.29227746,0.4831677
2023-05-11 08:10:55+09:00,1656436685192978434,https://x.com/t41sei/status/1656436685192978434,みそきんもティアキンもわかりません たまきんしかわかりません,t41sei,タイセイ,1.0,1.0,2.0,NEUTRAL,0.3015499,0.26569644,0.43275362
2023-05-11 08:11:43+09:00,1656436886859304962,https://x.com/shirayuki_pom/status/1656436886859304962,みそきんどこにもない…,shirayuki_pom,白雪ぽむ毒リンゴVTuber,2.0,0.0,8.0,NEUTRAL,0.32829875,0.23940125,0.4323
2023-05-11 08:12:16+09:00,1656437024679956480,https://x.com/h_ppon/status/1656437024679956480,更新！【パズドラ】みそきんドラゴンとメタルみそきん実装しろよ  ,,,,,,NEUTRAL,0.30112574,0.31514964,0.3837246
2023-05-11 08:12:45+09:00,1656437147464011777,https://x.com/TFY_1028/status/1656437147464011777,昨日コンビニで「みそきんって置いてないんですか？」って聞くのめちゃくちゃ恥ずかしかった,TFY_1028,豆草四郎,0.0,0.0,16.0,NEUTRAL,0.2820361,0.27528825,0.4426757
2023-05-11 08:13:20+09:00,1656437294268841984,https://x.com/cannorin3/status/1656437294268841984,いま、キンがアツい（みそきん、ティアキン…）,cannorin3,𝚌𝚊𝚗𝚗𝚘𝚛𝚒𝚗,0.0,0.0,2.0,NEUTRAL,0.32471207,0.32477933,0.35050863
2023-05-11 08:13:34+09:00,1656437350413766656,https://x.com/mx5km/status/1656437350413766656,ホリエモンが「みそきん」をdisったので、実食してもらいました  youtu.be/BTECtpqUrnU  @YouTube より  ホリエモンの動画史上1番好きだわw,mx5km,ジグマ赤池,0.0,0.0,1.0,NEUTRAL,0.23103978,0.34723046,0.42172974
2023-05-11 08:13:43+09:00,1656437389794095104,https://x.com/miya_kawauso/status/1656437389794095104,ノースがみそきんと、その残り汁にご飯入れてみそきん飯みたいにしたの食べてて、隣で｢1口ちょうだい、、｣って私が言ってる夢見た。,miya_kawauso,底辺のセミナー,0.0,0.0,5.0,NEUTRAL,0.23111622,0.21516614,0.5537176
2023-05-11 08:14:40+09:00,1656437627661451264,https://x.com/Pache_Tj_u/status/1656437627661451264,みそきん メシ,Pache_Tj_u,Takuya,1.0,0.0,3.0,AGAINST,0.36313847,0.33075094,0.3061106
2023-05-11 08:16:08+09:00,1656437996332400640,https://x.com/kiyokara386/status/1656437996332400640,比嘉さんみそきんレビューはよ。,kiyokara386,ヒコ,0.0,1.0,1.0,NEUTRAL,0.26128536,0.23361829,0.5050963
2023-05-11 08:17:03+09:00,1656438229753819137,https://x.com/Nussolini_/status/1656438229753819137,みそきん、売っていません,Nussolini_,ぬそ,0.0,0.0,7.0,NEUTRAL,0.3526268,0.23593153,0.41144168
2023-05-11 08:18:35+09:00,1656438613956259840,https://x.com/jarujaru_gtjp/status/1656438613956259840,朝から会社でみそきんを食べる勇者笑,jarujaru_gtjp,でこち,2.0,0.0,11.0,NEUTRAL,0.26073492,0.25952414,0.47974098
2023-05-11 08:20:32+09:00,1656439106862456833,https://x.com/d_150_virgo/status/1656439106862456833,昨日は大量にあったHIKAKINみそきん、今日は完売してた。,d_150_virgo,あ っ く ん,0.0,0.0,1.0,NEUTRAL,0.24700423,0.25516596,0.49782982
2023-05-11 08:20:35+09:00,1656439118489063424,https://x.com/10_13r/status/1656439118489063424,みそきん、みそきん 皆が言うから食べたくなってきた(*´﹃｀*) 味の感想求む笑,10_13r,RK,5.0,0.0,9.0,NEUTRAL,0.27765486,0.26609862,0.45624653
2023-05-11 08:23:47+09:00,1656439923283722241,https://x.com/KaZuKi_InOmOn/status/1656439923283722241,なんとか『みそきん』買って食べれました  中高生達も色んなセブンイレブン探してたし、転売ヤーが買い占めてたりするから早く通常の流通に乗って欲しいです。  癖が無くて子供でも味わえる感じなので いつもの味噌ラーメンとは別ジャンルの味で食べ分け出来て美味でした。  ,,,,,,NEUTRAL,0.23409034,0.20636757,0.55954206
2023-05-11 08:27:07+09:00,1656440762660458496,https://x.com/morinojou/status/1656440762660458496,みそきん影も形もないなw,morinojou,いずみん@ﾘﾄｺｽ,0.0,0.0,0.0,NEUTRAL,0.22596551,0.22726403,0.54677045
2023-05-11 08:27:52+09:00,1656440949508308992,https://x.com/durian_ochikun/status/1656440949508308992,おはちくん！バチクソ普通に買えたみそきん！！！最強の街伊丹,durian_ochikun,おーちくん超能力戦士ドリアン,6.0,3.0,168.0,NEUTRAL,0.19943309,0.3160612,0.4845057
2023-05-11 08:27:57+09:00,1656440972031692801,https://x.com/Tobey_inf/status/1656440972031692801,みそきんってどれくらいの頻度で入荷するんだろ？ 一度は食べておきたい。,Tobey_inf,"とびさん@,",0.0,0.0,1.0,NEUTRAL,0.298969,0.22897771,0.47205323
2023-05-11 08:28:05+09:00,1656441006445957121,https://x.com/ehk11036/status/1656441006445957121,みそきんってなに  （カップ麺なのは知ってるけど）,ehk11036,おかにい,0.0,0.0,2.0,NEUTRAL,0.32678246,0.2858095,0.38740802
2023-05-11 08:29:17+09:00,1656441305487282177,https://x.com/yakinikuumashi/status/1656441305487282177,今話題のみそきんを買いに行ったのですが無かったのでイレギュラーですが朝定食を食べました,yakinikuumashi,健康優良児定食,0.0,0.0,2.0,NEUTRAL,0.30396372,0.30446386,0.39157242
2023-05-11 08:30:13+09:00,1656441543178452992,https://x.com/aya3desuyo/status/1656441543178452992,おはようございます  みそきん食べたくて昨日コンビニ5件くらいハシゴしたけどどこも売り切れ御免の張り紙あってえぐかった…  今日はドラッグストアハシゴします。  俺暇してる人見たいやな,aya3desuyo,アヤちゃん,2.0,0.0,6.0,NEUTRAL,0.24765392,0.300314,0.4520321
2023-05-11 08:31:12+09:00,1656441790277521413,https://x.com/m_strawverry/status/1656441790277521413,火曜日からずっとみそきんとちいかわチロル探して、ゾンビみたいにコンビニからコンビニへ徘徊してる,m_strawverry,凪茅,1.0,0.0,3.0,NEUTRAL,0.34838033,0.23150325,0.42011636
2023-05-11 08:31:48+09:00,1656441941582831616,https://x.com/siosioP777/status/1656441941582831616,何日か経ってから探したところでみそきん案の定ないよね,siosioP777,しおの,1.0,0.0,0.0,NEUTRAL,0.31678268,0.23080155,0.45241576
2023-05-11 08:33:01+09:00,1656442247259516929,https://x.com/iwtriwtriwtr/status/1656442247259516929,みそきんネタ擦りすぎておすすめ動画が壊れちゃった 一番端の電車のばあちゃんのやつも一見関係ないように見て「みそきんが買えなくてキレてる」みたいなタイトルだったし,iwtriwtriwtr,いわたろ,0.0,0.0,12.0,NEUTRAL,0.2850773,0.2373291,0.47759357
2023-05-11 08:33:17+09:00,1656442312363491330,https://x.com/aaaaawadonder/status/1656442312363491330,みそきん美味かった！,aaaaawadonder,ふじよん,0.0,0.0,4.0,FAVOR,0.30815157,0.42353633,0.2683121
2023-05-11 08:33:25+09:00,1656442346131816448,https://x.com/alphant9/status/1656442346131816448,みそきんって300円もすんの？ 安いラーメン2つ買えちゃう,alphant9,9,2.0,0.0,2.0,AGAINST,0.37678307,0.26107794,0.36213902
2023-05-11 08:33:37+09:00,1656442395981123584,https://x.com/tpok0811/status/1656442395981123584,おはよー 朝ご飯用意してなかった＆買いに行ってたら遅刻するってことでみそきん食べる,tpok0811,タピオカ粉,0.0,0.0,3.0,NEUTRAL,0.25168833,0.25850594,0.48980567
2023-05-11 08:34:35+09:00,1656442639892496385,https://x.com/0oopinknoo0/status/1656442639892496385,セブンにみそきん無かった,0oopinknoo0,ぴんくん,1.0,0.0,0.0,NEUTRAL,0.37201744,0.2500446,0.37793788
2023-05-11 08:34:53+09:00,1656442714991509505,https://x.com/curse13/status/1656442714991509505,みそきんとすみれだとさすがにすみれのほうがおいしそう,curse13,かーすじゅうさん,0.0,0.0,1.0,NEUTRAL,0.3101331,0.2595473,0.4303196
2023-05-11 08:34:54+09:00,1656442719118692352,https://x.com/missing_molars/status/1656442719118692352,みそきんってヒカキンセイキンのお兄さん？塊蒐拳とか使いそう,missing_molars,マイナンバー、年末調整、窓辺にて。,0.0,0.0,3.0,NEUTRAL,0.3405962,0.23469882,0.42470497
2023-05-11 08:36:21+09:00,1656443084794904576,https://x.com/m9dqk8/status/1656443084794904576,みそきん食べたけどコンビニカップ麺味噌の部ではすみれの方が個人的に好みでした,m9dqk8,めりこ,1.0,0.0,10.0,NEUTRAL,0.29632184,0.34017217,0.363506
2023-05-11 08:38:27+09:00,1656443613721792516,https://x.com/kebazukionisan/status/1656443613721792516,今日仕事暇だからみそきんでも探しに行くか,kebazukionisan,競馬好きお兄さん,0.0,0.0,2.0,NEUTRAL,0.36141258,0.22047035,0.41811705
2023-05-11 08:40:29+09:00,1656444124369944578,https://x.com/ippaiattena810/status/1656444124369944578,今のところタイムライン上で1番カッコイイみそきん,ippaiattena810,イッパイアッテナ2025,0.0,0.0,6.0,NEUTRAL,0.3297568,0.24118033,0.42906287
2023-05-11 08:40:31+09:00,1656444133588840449,https://x.com/gaku24oota/status/1656444133588840449,夜勤2日目終わって休み お腹空いたからみそきんのメシの方食べるw  ,,,,,,NEUTRAL,0.20882364,0.22072846,0.5704479
2023-05-11 08:40:33+09:00,1656444141348466688,https://x.com/5124_kids_/status/1656444141348466688,みそきん完売してた(    ᷄ᾥ ᷅  ),5124_kids_,𝕙𝕒𝕟𝕒𝕞𝕦 ☺︎︎,0.0,0.0,0.0,AGAINST,0.35881603,0.31112823,0.33005568
2023-05-11 08:40:43+09:00,1656444184113594368,https://x.com/bu_wa/status/1656444184113594368,みそきん食べてみました、美味しかったです。でも印象には残らなかったかな…もう味忘れた。味噌ラーメンだからかな…ラーメン漫画で「味噌ラーメンの味噌は旨すぎるからだいたい名店同じ味」っていう話だけずっと覚えてる、ラーメン発見伝だったかな,bu_wa,ぶーわ,0.0,0.0,0.0,NEUTRAL,0.24202013,0.2223859,0.535594
2023-05-11 08:41:30+09:00,1656444381086490625,https://x.com/Donchan_123_456/status/1656444381086490625,みそきんってそんなに人気なん？ 一昨日行った滋賀のコンビニで山積みになってたで！ メルカリで売れるって知ってたら大量に買って帰ったのに笑,Donchan_123_456,どんちゃん,0.0,0.0,4.0,NEUTRAL,0.27378145,0.2581477,0.46807083
2023-05-11 08:42:19+09:00,1656444586498334720,https://x.com/IGNIS_lui/status/1656444586498334720,そういえば みそきん 探したけど、そもそも置いているセブンがない,IGNIS_lui,ひすみ,1.0,0.0,1.0,NEUTRAL,0.36372778,0.21549468,0.42077753
2023-05-11 08:43:38+09:00,1656444916975960066,https://x.com/sukisuk2/status/1656444916975960066,shinkunがぬいぐるみ欲しい〜って言ってたけど なんせみそきんがGETできないのに応募できない  HIKAKINさぁん応募資格ないけど引用リツイートさせていただきます ,,,,,,NEUTRAL,0.340933,0.29297543,0.36609158
2023-05-11 08:44:33+09:00,1656445150498017280,https://x.com/akbgirl/status/1656445150498017280,昨日、みそきんが積んであったゾーンに王道家のカップ麺置いてんなーーーと思ったら、かなり減ってて草。代替品？(ぜんぜん味違うけど,akbgirl,甲斐,0.0,0.0,0.0,NEUTRAL,0.2681688,0.17492038,0.5569109
2023-05-11 08:44:54+09:00,1656445235873087488,https://x.com/Worker_amayo/status/1656445235873087488,今日もみそきん売ってない,Worker_amayo,あまよ,0.0,0.0,4.0,NEUTRAL,0.3544096,0.22274145,0.4228489
2023-05-11 08:45:02+09:00,1656445268890636290,https://x.com/__tara__tara/status/1656445268890636290,みそきんありません,__tara__tara,あのそらた,1.0,0.0,1.0,NEUTRAL,0.327218,0.2566693,0.41611272
2023-05-11 08:45:03+09:00,1656445273739239424,https://x.com/SHIMAZAKI_0121/status/1656445273739239424,みそきんもう売り切れてた(‘､3_ヽ)_,SHIMAZAKI_0121,敏行園長𝕋𝕖𝕒𝕞羽音,0.0,0.0,1.0,NEUTRAL,0.28268367,0.28791502,0.42940137
2023-05-11 08:45:44+09:00,1656445449103081474,https://x.com/w3qQRFx8SSeTexR/status/1656445449103081474,明日のプチデドバ連休の為に、「みそきん」をお昼に食しながら、デドバ三昧したいのですが、ゲットするなら、セブンに何時ごろ行くのがベストですか？ 情報求む ,,,,,,NEUTRAL,0.31724674,0.3152058,0.36754745
2023-05-11 08:46:17+09:00,1656445586391064576,https://x.com/_bell0215/status/1656445586391064576,みそきんメシの方が美味かった,_bell0215,あやたか,0.0,0.0,2.0,AGAINST,0.40084997,0.3072739,0.29187614
2023-05-11 08:46:25+09:00,1656445619689644033,https://x.com/nozomisaiko07/status/1656445619689644033,みそきん飯食って優雅な朝を迎える,nozomisaiko07,のぞみみみ,1.0,0.0,4.0,NEUTRAL,0.33317482,0.28645715,0.38036796
2023-05-11 08:48:24+09:00,1656446117712887809,https://x.com/elen2626/status/1656446117712887809,旦那のコネで噂のみそきん貰った〜,elen2626,えれ姐ちゃん,2.0,0.0,19.0,NEUTRAL,0.22427195,0.30371955,0.47200853
2023-05-11 08:48:29+09:00,1656446140907409408,https://x.com/kegontane/status/1656446140907409408,みそきん凄い人気だな。 ここまで人気なら、もう本人もみそきんに改名したらいいんじゃないか？,kegontane,けごんのたね,0.0,0.0,3.0,NEUTRAL,0.36495546,0.23986253,0.39518204
2023-05-11 08:49:46+09:00,1656446463541657604,https://x.com/runr_u/status/1656446463541657604,みそきん全然売ってなくね？笑,runr_u,るん,0.0,0.0,6.0,NEUTRAL,0.2918046,0.21137321,0.49682224
2023-05-11 08:50:09+09:00,1656446556697153539,https://x.com/0726tae/status/1656446556697153539,朝お友達とやり取りしてて、HIKAKINのみそきん、品切れしててどこにも売ってないらしい 我が家も子供たちにたべたいって言われてたからショック 店員さんも全然入ってこないって言ってたらしい,0726tae,tae*,0.0,0.0,2.0,NEUTRAL,0.2594294,0.2720847,0.4684859
2023-05-11 08:50:36+09:00,1656446673156190208,https://x.com/yunchi525/status/1656446673156190208,みそきん探してたけどないー しおきんもつくるかな？ 醤油ほしいけど語呂感があれだなぁ でもむかしは醤油のこと、せうゆって書いてたらしいから、せいキンで醤油味だしでいいとおもいますHIKAKINさん,yunchi525,ゆんち,0.0,1.0,9.0,NEUTRAL,0.27280194,0.2912222,0.43597585
2023-05-11 08:50:56+09:00,1656446754869608450,https://x.com/HAL_lha/status/1656446754869608450,クオカードでみそきん買おうとしたら売ってなかった、食べたかったなみそきん（味噌ラーメンが好きなので）,HAL_lha,るは,0.0,0.0,1.0,NEUTRAL,0.30597258,0.2649199,0.42910752
2023-05-11 08:51:34+09:00,1656446917138862080,https://x.com/mac01___/status/1656446917138862080,みそきん話題になりすぎて気になりすぎて、みそきん食べる夢みた 別に普通だった,mac01___,ゆい,1.0,0.0,1.0,NEUTRAL,0.3733262,0.23858587,0.38808787
2023-05-11 08:53:33+09:00,1656447414813995008,https://x.com/bigpapasabu/status/1656447414813995008,みそきんぬいぐるみの方でも書きましたが 子供達がヒカキンさん大好きでみそきん探しにセブン行ったけど見つからず  パパの爪痕残しでキャンペーン応募します！  ,,,,,,NEUTRAL,0.26154906,0.28978008,0.4486708
2023-05-11 08:54:04+09:00,1656447543310688256,https://x.com/soccer_diet/status/1656447543310688256,みそきんに対抗して焔と共同開発のいそきん作ればいいじゃんって会社の人に言われた 天才かと思った,soccer_diet,イソえもん,11.0,0.0,12.0,NEUTRAL,0.34704953,0.25583538,0.3971151
2023-05-11 08:54:12+09:00,1656447578144387073,https://x.com/navelbasil1110/status/1656447578144387073,みそきん売ってなかった,navelbasil1110,ハマー,0.0,0.0,5.0,AGAINST,0.39556023,0.21131566,0.39312413
2023-05-11 08:54:35+09:00,1656447676072988672,https://x.com/en129/status/1656447676072988672,みそきん買おうと思ったらなかったねん,en129,en129,0.0,0.0,4.0,NEUTRAL,0.32191083,0.242472,0.43561715
2023-05-11 08:54:51+09:00,1656447740472356864,https://x.com/nuebakonon/status/1656447740472356864,ティアキンとみそきんの文字並んでるとちょっと面白い,nuebakonon,のん,0.0,0.0,1.0,NEUTRAL,0.2987549,0.23520482,0.4660403
2023-05-11 08:56:04+09:00,1656448049013739520,https://x.com/jj1tah_/status/1656448049013739520,セブンのみそきんが品切れ、転売ヤーが続出。誰か買うのこれ？　,,,0.0,0.0,0.0,AGAINST,0.3558413,0.3140794,0.3300793
2023-05-11 08:56:10+09:00,1656448072363433984,https://x.com/HarukazeKagami/status/1656448072363433984,みそきん…ない…( இ﹏இ ),HarukazeKagami,東風かがみ / ASMR,3.0,0.0,10.0,NEUTRAL,0.3341271,0.31784853,0.34802437
2023-05-11 08:56:31+09:00,1656448159193743361,https://x.com/melymo_oO/status/1656448159193743361,みそきんない,melymo_oO,めるも゛,0.0,0.0,7.0,NEUTRAL,0.31529012,0.27438682,0.4103231
2023-05-11 08:56:46+09:00,1656448224314679296,https://x.com/donpachicchi/status/1656448224314679296,ぺこーらのみそきん実食レビュー、HIKAKINのスパチャなしで観たかったな〜笑 みそきんメシ食べたい,donpachicchi,のっきー,0.0,0.0,0.0,NEUTRAL,0.31627327,0.32879224,0.35493448
2023-05-11 08:57:08+09:00,1656448315633049600,https://x.com/guriguri_nemui/status/1656448315633049600,おはぐり  みんなはもう ・みそきん ・スタバ新作 食べたり飲んだりした？  新しいもの食べたくなるよなあ！ 美味しいもの食べて自分にご褒美してくれよーー！  さあ今日はみんな何する？ しっかりカマしていこうぜーー！,guriguri_nemui,小鳥遊ぐり,6.0,2.0,24.0,NEUTRAL,0.26983428,0.27057102,0.45959476
2023-05-11 08:57:14+09:00,1656448342317223936,https://x.com/varietta_0587/status/1656448342317223936,みそきん売ってないーーw ハシゴしてみるか,varietta_0587,.Ren☁︎krkm,0.0,0.0,1.0,NEUTRAL,0.33245677,0.27835408,0.3891891
2023-05-11 08:58:45+09:00,1656448724082774017,https://x.com/syotaGS_GRL11/status/1656448724082774017,みそきんてバカ売れしてるみたいだけどそんなに美味しいの？,syotaGS_GRL11,syota@アップルニキ,1.0,0.0,0.0,NEUTRAL,0.3253978,0.23608012,0.43852204
2023-05-11 08:58:50+09:00,1656448744915877888,https://x.com/moth_111_/status/1656448744915877888,みそきん売ってねえ！！！,moth_111_,もす@FF14Bahamut,0.0,0.0,5.0,NEUTRAL,0.34203222,0.25248045,0.40548736
2023-05-11 08:59:50+09:00,1656448997014523904,https://x.com/numapico/status/1656448997014523904,みそきんTLで見すぎて気になってセブン2こ回ったけどどっちも棚が枯れてて思ったよりすごかった,numapico,ぬまぴ,0.0,0.0,4.0,NEUTRAL,0.32767826,0.30563352,0.36668825
